Data,Acre,Amapá,Amazonas,Pará,Rondônia,Roraima,Tocantins,Alagoas,Bahia,Ceará,Maranhão,Paraíba,Pernambuco,Piauí,Rio Grande do Norte,Sergipe,Paraná,Rio Grande do Sul,Santa Catarina,Espírito Santo,Minas Gerais,Rio de Janeiro,São Paulo,Distrito Federal,Goiás,Mato Grosso,Mato Grosso do Sul
2020-03-22,2,0,15,2,2,2,0,0,8,44,1,0,7,0,3,0,7,12,6,0,45,67,172,17,1,0,5
2020-03-23,0,0,6,1,0,0,3,0,14,51,0,1,5,2,4,0,6,14,11,3,45,47,114,16,2,0,0
2020-03-24,6,0,15,0,0,0,2,2,13,19,6,1,0,0,0,5,9,12,39,4,2,72,65,27,4,5,2
2020-03-25,6,0,7,2,2,6,0,2,8,18,0,0,4,2,1,1,16,25,2,6,3,65,52,0,2,1,1
2020-03-26,1,1,13,6,0,0,0,0,20,35,2,2,2,1,5,0,21,45,13,0,20,51,190,40,10,3,1
2020-03-27,1,0,14,0,1,2,1,0,11,47,3,4,8,0,9,0,17,27,27,8,36,72,171,30,10,0,3
2020-03-28,0,2,30,4,0,2,1,3,12,32,1,5,12,2,17,0,14,2,35,6,16,65,183,30,7,2,3
2020-03-29,9,0,29,1,0,4,0,3,27,34,2,0,5,3,23,0,15,29,10,7,26,42,45,29,2,3,5
2020-03-30,8,4,11,3,0,0,1,0,22,24,7,1,5,2,9,0,7,15,3,12,30,57,66,23,3,2,8
2020-03-31,0,2,24,11,2,0,1,1,37,18,8,2,9,2,5,3,24,33,22,12,14,51,822,20,4,7,4
2020-04-01,1,1,25,8,1,6,1,0,33,54,21,3,8,0,10,1,45,32,16,12,39,124,642,23,6,2,3
2020-04-02,0,0,29,6,1,4,0,0,21,106,19,1,11,1,13,3,28,28,12,24,56,160,525,15,2,9,2
2020-04-03,3,8,31,4,0,4,0,4,15,77,10,8,30,2,71,2,49,62,34,19,27,82,542,32,15,8,7
2020-04-04,0,9,51,30,1,7,2,1,50,103,7,3,40,1,36,2,94,14,53,14,33,172,418,52,15,12,2
2020-04-05,2,1,106,6,1,5,3,5,69,93,8,2,25,1,30,5,43,8,23,13,68,148,154,14,12,4,3
2020-04-06,2,5,115,16,2,0,0,3,30,190,37,1,22,0,4,0,20,63,22,28,27,67,246,5,4,16,1
2020-04-07,0,14,104,36,4,0,2,1,25,38,39,1,129,5,8,4,45,27,38,15,34,227,816,19,14,2,14
2020-04-08,4,59,168,29,0,7,4,5,41,240,58,5,49,3,7,0,36,47,40,18,55,250,1026,17,25,12,5
2020-04-09,8,21,95,1,10,3,0,0,62,134,43,14,154,7,0,3,70,63,44,46,41,278,772,18,21,18,4
2020-04-10,8,38,82,2,4,11,0,8,45,53,20,24,129,2,2,3,34,18,192,27,43,248,736,28,12,4,8
2020-04-11,2,27,69,47,1,12,0,3,31,104,51,6,132,1,26,0,33,4,39,49,52,143,203,24,18,9,3
2020-04-12,5,37,156,29,2,4,2,0,38,94,54,16,144,3,13,2,62,13,36,34,56,248,336,35,20,2,1
2020-04-13,13,12,69,24,7,4,1,2,50,124,47,10,194,6,37,0,18,11,9,47,9,376,140,24,4,11,12
2020-04-14,9,65,209,53,22,30,0,22,36,205,33,25,130,8,37,1,35,36,49,33,69,179,476,13,51,4,2
2020-04-15,2,27,70,61,5,1,0,10,48,152,152,15,200,17,23,1,12,47,27,94,19,333,1672,31,20,13,6
2020-04-16,9,28,165,54,7,28,3,7,144,229,65,14,199,16,1,2,29,33,31,197,55,201,525,34,14,5,10
2020-04-17,25,8,90,119,16,22,2,21,108,298,102,30,323,11,63,5,42,22,42,102,63,405,1273,30,17,6,12
2020-04-18,7,23,88,83,18,37,2,22,134,350,243,10,187,21,53,18,71,29,36,96,56,194,1053,16,43,9,18
2020-04-19,21,23,147,45,18,21,0,27,37,218,165,31,266,22,15,12,42,23,13,147,77,222,373,65,15,3,7
2020-04-20,13,17,116,217,32,22,1,12,111,230,115,9,231,13,64,3,20,35,50,69,35,134,313,45,10,7,3
2020-04-21,19,24,110,124,39,3,3,39,148,234,76,18,218,28,13,6,17,15,38,44,41,407,805,9,18,0,2
2020-04-22,19,22,209,169,24,33,0,33,155,194,208,38,390,20,38,25,39,19,28,101,53,246,529,65,17,2,2
2020-04-23,13,69,409,72,27,17,0,81,145,688,153,44,221,11,62,7,19,71,24,50,25,620,826,17,15,38,11
2020-04-24,7,85,306,179,40,7,6,89,173,202,194,41,480,39,46,20,37,67,55,18,111,110,1086,26,33,19,27
2020-04-25,24,52,441,133,38,41,7,88,119,621,154,61,508,41,27,9,21,35,39,214,62,546,2178,24,20,7,4
2020-04-26,21,113,198,288,36,56,8,53,128,412,118,52,391,34,44,6,16,70,26,108,67,283,711,53,67,3,17
2020-04-27,0,44,95,261,29,6,9,89,145,893,187,44,460,33,7,38,30,62,102,93,38,833,981,80,43,7,4
2020-04-28,32,76,409,134,20,18,12,134,186,192,118,90,366,44,25,83,85,58,139,78,63,560,2345,67,45,4,2
2020-04-29,43,98,464,160,20,27,37,180,106,349,276,66,470,46,229,57,77,82,519,233,109,365,2117,62,44,31,9
2020-04-30,50,64,453,454,69,67,21,87,205,339,386,115,682,59,91,110,59,98,90,358,69,584,2540,81,76,5,6
2020-05-01,82,41,469,300,83,83,27,182,234,273,316,112,458,87,120,70,40,63,19,197,108,713,1676,110,27,23,6
2020-05-02,67,66,339,284,68,66,27,146,182,352,299,108,811,65,69,84,45,90,242,286,88,380,800,100,17,11,5
2020-05-03,104,295,621,403,52,72,55,69,228,139,235,135,498,77,26,129,22,47,0,138,95,593,598,83,25,6,6
2020-05-04,76,251,559,262,51,66,21,97,239,2670,187,50,220,42,29,42,48,45,173,140,229,582,415,119,11,7,2
2020-05-05,84,198,867,347,105,63,36,68,306,430,303,142,462,91,115,126,26,104,104,176,105,670,1866,50,61,21,9
2020-05-06,126,115,1134,545,82,63,48,97,261,834,498,132,556,74,38,100,39,235,294,166,153,904,3800,88,102,14,5
2020-05-07,71,153,856,507,155,88,72,164,227,1584,361,164,943,102,165,216,29,79,165,270,165,861,2075,352,3,38,23
2020-05-08,163,123,628,617,124,104,71,166,290,1068,520,374,763,80,82,224,55,318,123,404,173,1585,1902,184,26,40,15
2020-05-09,158,171,1198,634,41,78,78,139,356,923,856,125,883,102,98,150,74,46,167,170,180,1188,2581,134,16,45,20
2020-05-10,112,120,674,481,39,88,116,86,384,813,834,185,805,45,9,183,50,49,57,187,114,133,1033,106,24,17,16
2020-05-11,13,58,320,307,94,5,59,85,250,907,545,184,493,54,61,29,14,34,100,220,83,877,687,101,7,22,23
2020-05-12,130,239,1249,1053,64,33,81,237,396,813,382,252,541,111,44,232,57,341,204,268,115,547,1588,196,15,50,20
2020-05-13,104,95,1648,1002,152,83,104,181,343,744,586,268,592,169,334,236,90,0,95,314,298,242,3378,213,19,70,25
2020-05-14,46,423,1365,1249,74,89,97,211,408,1921,689,316,687,172,170,226,67,80,504,412,217,739,3189,224,289,58,22
2020-05-15,45,202,1211,1242,103,89,150,240,1173,1413,938,378,621,121,249,374,76,600,230,385,246,520,4092,371,149,60,27
2020-05-16,82,204,1285,1075,130,117,100,381,186,1305,853,324,2279,180,218,267,103,98,116,397,278,1614,2805,353,68,72,29
2020-05-17,130,118,651,680,44,85,103,223,129,460,900,284,964,167,133,208,44,40,98,149,137,637,1162,228,52,50,62
2020-05-18,237,71,585,870,80,85,114,215,138,2108,746,439,642,35,47,223,74,0,399,413,84,4427,721,251,57,36,43
2020-05-19,248,287,1219,1561,214,109,150,285,2432,1749,960,514,1148,153,299,401,121,15,238,536,282,1140,2929,234,97,58,29
2020-05-20,335,239,1572,1840,242,82,163,121,184,2448,916,538,1318,197,313,310,135,1223,86,399,309,2567,3864,308,132,59,51
2020-05-21,286,639,1663,1621,160,79,167,479,744,853,944,400,1351,215,264,457,194,500,111,786,310,1717,3880,381,136,118,53
2020-05-22,240,467,1671,1713,115,160,229,386,616,3160,1154,644,1849,222,191,188,129,445,848,642,399,1500,3132,406,190,48,59
2020-05-23,524,436,1764,1228,335,68,225,328,443,549,1555,626,1026,184,348,209,160,418,149,398,343,944,3687,303,73,132,53
2020-05-24,293,262,1065,1428,92,65,161,584,899,473,2424,315,973,132,98,183,113,134,89,89,330,3379,1603,387,66,110,66
2020-05-25,341,231,415,1952,67,75,105,468,305,590,1595,193,607,160,62,134,119,89,179,358,294,1386,1464,292,69,38,99
2020-05-26,280,383,1667,2523,225,69,162,376,362,836,1492,903,488,170,713,287,181,226,141,524,554,726,2392,280,159,128,77
2020-05-27,470,652,1559,2433,369,99,165,522,504,254,1867,1290,1065,246,158,177,200,263,356,595,495,2374,3466,551,172,211,86
2020-05-28,349,533,2638,2666,390,277,254,475,893,546,1834,923,794,277,0,244,272,1186,628,719,675,2488,6382,539,247,112,76
2020-05-29,241,317,2763,2787,250,139,334,563,954,574,2503,879,1542,260,833,306,252,0,530,700,546,3067,5691,422,229,152,94
2020-05-30,231,844,1651,810,241,201,370,605,709,8111,2138,851,1172,242,939,343,237,1008,248,534,398,4467,5586,752,266,258,62
2020-05-31,147,289,818,665,199,175,195,1065,766,1983,2019,300,1023,186,0,194,214,90,259,253,834,968,2556,306,117,68,71
2020-06-01,107,288,396,85,230,218,169,549,506,2015,658,533,450,188,562,234,148,0,461,379,206,1142,1598,730,204,112,79
2020-06-02,139,621,1421,3161,305,158,138,722,2532,2569,1328,1164,608,387,269,322,328,587,162,1082,269,2202,6999,746,471,168,78
2020-06-03,214,596,1152,3567,236,293,215,848,1021,2983,1549,1159,955,322,916,434,331,479,374,970,1071,2508,5188,764,193,139,156
2020-06-04,342,444,2126,3275,746,340,183,690,1012,3739,2455,1561,1044,236,133,211,326,612,498,773,1024,1692,5717,903,374,346,123
2020-06-05,263,776,1193,2911,403,348,301,840,2956,1800,2684,1000,1004,653,158,377,528,573,314,1215,961,2134,5365,1285,429,287,72
2020-06-06,241,446,1119,2216,838,407,323,881,977,1980,2157,1208,850,388,9,395,257,454,439,841,944,1467,5984,1642,296,181,135
2020-06-07,458,272,484,1095,410,291,139,888,854,696,2123,523,881,373,3,318,292,98,280,669,764,3223,2524,773,144,216,121
2020-06-08,145,249,542,1761,516,239,163,0,465,1334,1778,641,463,143,1436,437,134,115,0,1040,180,1743,1520,6,311,222,71
2020-06-09,329,477,1423,3116,594,288,245,1487,1766,2779,2698,1501,305,306,139,399,283,552,627,1305,219,3480,5545,1461,397,239,131
2020-06-10,289,852,1615,2947,630,291,205,983,2204,3018,1439,1580,925,432,541,489,517,817,402,1380,1399,1394,6178,1343,638,263,142
2020-06-11,345,543,1140,2031,697,247,272,1024,1206,2477,2172,1338,1059,464,1666,441,626,549,359,885,947,1402,6204,1074,498,490,256
2020-06-12,204,517,1122,2202,677,118,215,831,774,1826,1925,1186,878,514,267,478,248,216,212,1028,1658,2009,5380,889,189,271,148
2020-06-13,239,639,915,2182,486,130,187,856,1123,724,1254,898,799,488,288,1332,528,243,131,675,508,1052,4975,563,94,161,234
2020-06-14,108,190,480,669,155,33,41,1312,613,319,991,559,590,328,382,1102,350,34,64,509,767,736,5327,912,4,337,198
2020-06-15,129,301,271,45,315,6,165,763,1219,2714,742,655,246,204,43,1707,133,777,600,1140,347,1374,3258,813,2238,324,118
2020-06-16,232,1211,1241,2019,830,54,172,670,1586,1827,2119,1460,920,524,998,635,841,1033,442,1371,296,2397,8825,1696,1082,203,234
2020-06-17,336,594,1529,2949,557,215,264,1235,1720,3678,2024,1584,1019,678,0,497,528,657,613,1489,1323,3620,1232,1760,972,736,379
2020-06-18,325,769,1189,2431,237,271,201,766,651,2306,1356,48,1180,540,677,531,834,694,558,1230,1559,354,1111,1381,1068,388,110
2020-06-19,323,535,947,3449,549,229,182,1273,2345,2590,2409,3333,1094,468,150,470,866,765,749,1471,1146,6061,19030,2381,723,841,392
2020-06-20,276,1652,1219,2809,599,387,247,792,1382,2293,1173,1428,1398,1246,3167,641,877,551,786,1074,1253,2159,4135,1336,853,609,324
2020-06-21,118,266,508,1773,229,83,151,959,975,710,386,263,995,451,84,536,839,210,474,642,336,596,3392,989,739,508,247
2020-06-22,158,2842,321,1366,646,68,123,738,807,1292,630,469,381,212,667,399,623,362,355,926,1277,1439,2788,921,917,551,154
2020-06-23,271,1755,1342,2616,671,2152,289,853,1998,3370,1332,1746,337,793,118,499,729,1154,1307,1043,979,3297,7502,1220,1032,638,393
2020-06-24,212,482,1691,3072,926,463,332,982,2847,2050,1293,913,1191,958,1699,470,1110,1145,1677,1654,1446,2624,9347,1886,1054,784,417
2020-06-25,282,496,503,2328,749,1069,327,835,2360,2548,1611,912,1114,853,891,728,858,1051,1030,1765,1426,2404,9765,1617,925,714,322
2020-06-26,340,247,953,2436,1098,1039,256,799,2131,2296,1773,2008,668,943,1066,827,851,1054,996,1406,6122,2600,9921,2455,1316,869,390
2020-06-27,269,239,802,2841,0,167,285,657,8822,2206,1417,1410,1285,642,522,1411,1147,886,861,0,2075,306,7073,1440,757,779,394
2020-06-28,145,84,627,1130,549,1263,262,791,3251,940,397,437,1018,493,203,1102,923,243,556,2031,1775,2495,6156,2139,364,882,220
2020-06-29,88,268,244,764,586,118,131,805,972,657,457,378,369,595,5265,396,584,416,692,1414,1123,585,3408,2166,1023,399,149
2020-06-30,107,239,930,1999,845,182,405,845,3840,474,1482,1900,382,669,566,594,1551,1282,1298,1796,1137,728,6235,2147,1374,550,289
2020-07-01,462,435,1461,2647,211,512,458,857,3178,4318,2805,1218,847,1637,1612,504,1348,1230,925,1928,2583,2667,8555,1458,1160,985,711
2020-07-02,333,226,1246,2214,508,2430,232,509,2864,2507,2769,1361,1414,1248,998,697,2079,1024,1296,1419,3123,1545,12244,1605,722,1106,386
2020-07-03,64,421,1007,2344,271,740,282,1076,2965,2517,2189,1229,1243,1069,524,1574,1862,1176,1686,1449,2644,2133,8523,1715,67,1127,326
2020-07-04,375,235,1408,2120,716,446,546,851,3171,2911,843,1541,1095,1185,836,1575,2404,1248,1670,1134,2607,1484,1828,1764,2164,1244,522
2020-07-05,135,74,69,1280,522,153,193,680,1563,512,657,422,1672,518,388,456,889,336,1038,570,2325,852,7649,2094,32,793,179
2020-07-06,66,121,410,724,442,26,165,634,1231,1013,537,423,513,432,339,501,1310,446,853,1154,1343,587,2891,2529,770,605,164
2020-07-07,253,290,2743,1617,643,140,364,955,3675,2475,1837,1651,509,1003,836,922,1539,1399,1520,2151,1271,2207,9638,2311,2012,910,434
2020-07-08,226,230,915,2592,503,196,436,798,3582,3519,851,1542,1453,897,691,850,1407,1757,1468,1839,3138,2243,8657,1620,1356,1429,376
2020-07-09,298,239,1236,1987,335,870,405,869,2783,2529,2384,1270,1163,1334,549,926,1709,877,1598,1472,2829,1995,8350,1363,1212,1429,608
2020-07-10,303,317,1189,1943,598,1066,664,768,2867,2546,1395,1504,1333,1524,1205,1297,2088,1056,1698,1347,3222,1119,9395,1620,1262,1132,590
2020-07-11,312,199,723,2260,496,629,430,674,3002,2399,1680,1303,1270,1196,351,1333,1285,1230,1920,880,3727,232,7780,1109,655,1240,708
2020-07-12,110,85,296,780,232,376,193,697,1575,840,554,363,1100,498,805,1585,1740,520,1005,563,2038,9,5107,2306,451,775,228
2020-07-13,70,188,886,795,322,402,175,966,1128,421,878,324,431,396,379,590,1045,416,784,1080,971,2360,2610,1572,452,381,264
2020-07-14,219,333,1229,2061,478,341,416,709,3138,2231,1637,1354,675,797,541,946,1781,1337,2235,1334,1821,778,12000,1370,1136,487,473
2020-07-15,193,523,1303,2264,389,713,308,859,2964,1811,1002,1477,1384,1289,313,972,1761,1246,1926,1139,3367,1627,6569,1725,1063,1040,697
2020-07-16,193,596,1081,2205,737,716,641,870,3380,2752,1657,1484,1131,1097,324,1087,2281,3105,1805,1766,2460,124,8872,2242,1306,792,699
2020-07-17,100,432,797,2125,463,610,282,519,2284,1938,1057,924,1332,515,325,662,1916,1366,1768,1343,2801,657,5367,1779,480,1860,475
2020-07-18,237,149,1712,1783,0,366,255,330,1581,606,909,624,1086,1511,2148,1184,2232,137,982,670,3604,0,4612,1763,114,-264,201
2020-07-19,93,120,379,537,0,94,564,495,1931,428,233,411,943,728,315,2171,1076,266,805,478,2097,3294,3022,1249,-26,1429,397
2020-07-20,167,440,476,912,684,219,125,229,1123,594,581,298,663,310,191,816,1280,336,1078,1094,1160,2481,1385,1875,3,1503,234
2020-07-21,238,260,775,1992,841,299,456,644,3552,1420,1248,1164,326,670,310,1051,1629,2391,2061,898,1434,4116,6235,1789,3022,1438,749
2020-07-22,279,255,557,1970,2293,969,496,729,6401,4122,1577,2128,941,1539,917,1030,2389,3233,3081,1087,3175,3502,16777,1725,3490,1695,1503
2020-07-23,178,178,1498,2109,1145,978,573,849,5113,3134,1757,2132,1858,1364,872,1257,2077,1768,2726,920,3827,2926,12561,2222,3174,1983,782
2020-07-24,236,188,1205,1785,793,942,542,1184,4409,2582,1195,1446,1802,1170,627,1735,2255,2166,2735,1246,4244,3330,11211,2391,2389,1451,632
2020-07-25,264,136,670,1671,700,520,955,1017,3632,2773,880,1173,1710,1040,243,1132,1334,2111,2316,744,3281,1414,16263,1773,1954,729,712
2020-07-26,88,58,369,540,237,435,847,646,1780,488,328,430,1714,655,173,339,1627,661,1397,602,2478,32,4501,2145,1113,396,499
2020-07-27,38,144,616,360,338,73,339,828,930,344,694,540,666,540,192,1009,781,265,1408,837,1147,1509,3672,2148,2071,1507,288
2020-07-28,349,333,1039,1362,701,414,745,938,4204,3121,1403,1482,546,967,1083,1397,1391,2303,3633,1427,2927,1805,0,2246,2652,1707,641
2020-07-29,234,276,975,1664,785,680,666,982,4021,3522,1706,1723,1858,1411,677,1205,1528,2149,3230,1105,2749,2008,26543,1616,3021,1772,968
2020-07-30,207,299,1047,1501,773,459,761,855,4296,2396,1568,1210,1837,1236,616,1470,2568,1977,3903,1316,4021,1995,14809,2100,1611,2130,876
2020-07-31,52,196,800,1335,585,561,546,746,4524,2414,1399,1686,1632,1279,749,1029,2624,219,3169,1407,3691,1853,13298,1850,2672,1418,649
2020-08-01,305,127,837,1368,512,707,522,1267,2772,2046,920,667,1741,981,1141,1011,1818,3764,2849,522,2879,1718,10014,1630,1546,925,803
2020-08-02,36,44,347,232,389,428,1088,1248,1550,652,372,547,1224,535,288,311,1675,584,1060,424,2816,12,6367,2106,628,573,264
2020-08-03,373,165,262,220,123,37,564,538,915,381,529,203,431,231,185,444,1260,439,907,977,942,839,1533,2016,137,1348,642
2020-08-04,369,195,883,1772,1223,6,666,573,3998,2380,1405,1549,432,1219,536,590,1853,2139,3268,994,1985,847,15371,1880,2979,1458,1033
2020-08-05,325,319,981,2418,781,1102,648,843,4348,2102,1572,1311,1488,0,924,917,2599,2945,3253,1033,3933,3768,9676,2042,3374,2337,637
2020-08-06,230,417,804,2127,705,633,1227,899,3953,1858,1606,796,1074,2657,616,858,1952,2274,3224,1301,3167,1385,13405,2034,3292,1335,786
2020-08-07,113,229,803,1937,665,611,819,823,4202,2108,1781,1250,1477,1290,611,884,1630,189,2948,1380,4495,1632,9709,1903,2910,2944,887
2020-08-08,122,175,571,2340,476,393,745,832,3509,2835,854,776,1241,1181,433,543,0,4569,3167,1223,3400,2828,13352,1921,1724,41,719
2020-08-09,89,69,522,543,144,454,560,865,1628,298,436,189,1021,411,140,422,1067,396,1186,645,3204,326,5395,1233,540,590,637
2020-08-10,32,191,247,509,362,62,626,624,1068,115,430,284,247,196,130,281,4158,43,993,1278,1148,1166,1289,3012,1380,1782,395
2020-08-11,138,237,908,1462,1096,557,758,698,4670,1893,1494,1453,601,966,2501,481,1819,3381,2594,1407,1476,2547,11147,1415,3775,1863,823
2020-08-12,236,165,815,2265,593,573,719,816,4253,1872,1205,1078,1393,1321,-1349,410,1842,2634,2879,1277,3934,3047,15619,1700,3048,1863,947
2020-08-13,249,214,882,1747,615,691,643,878,3935,1659,928,897,1467,1197,500,945,1882,2511,2631,1196,4430,2475,19274,1986,3475,1734,1050
2020-08-14,193,229,975,1983,612,627,994,603,4038,2063,1131,866,1567,933,395,415,2177,2582,3151,1157,3513,1806,11667,1996,2485,1611,875
2020-08-15,81,187,464,1402,364,500,1075,844,3386,1237,956,928,1364,1043,193,476,1927,2303,1818,659,3086,723,11408,1848,1704,492,1108
2020-08-16,32,87,671,959,185,226,511,658,1651,238,573,445,1185,440,60,296,1333,432,879,815,2888,3665,1963,1453,654,508,294
2020-08-17,57,185,351,406,395,42,867,204,1085,583,555,190,225,237,178,316,1275,130,786,1279,1313,372,3172,2268,1073,1240,589
2020-08-18,328,254,618,1715,691,518,989,763,3926,1056,1777,1274,605,911,409,386,1858,3210,2647,1015,2072,4829,8865,1435,3297,1368,968
2020-08-19,213,254,711,2141,798,318,987,439,3618,1943,1386,997,1429,1249,360,368,1659,2674,2537,1216,3371,3513,9847,1592,3291,1399,988
2020-08-20,176,392,743,2022,426,488,954,482,3937,1221,1289,951,1142,1364,471,435,2349,177,2222,947,3904,2923,9451,1997,2583,1457,820
2020-08-21,15,272,457,2393,367,202,1062,217,1147,577,1243,845,1072,697,53,343,2343,267,1277,874,3561,1120,5132,1693,1215,1401,510
2020-08-22,328,156,577,1998,481,336,991,631,4461,1588,770,680,596,974,202,407,2260,4504,1659,702,2884,3428,13284,1675,2479,804,1177
2020-08-23,54,89,246,645,426,203,757,387,1846,854,527,162,1113,389,189,220,1111,1034,484,279,3107,484,4885,1871,1134,315,610
2020-08-24,10,134,177,293,370,40,677,638,1158,123,495,171,217,266,67,134,1045,80,1041,601,1306,412,2351,1521,1905,1279,567
2020-08-25,207,299,787,2027,723,274,1127,399,3731,1822,1026,905,601,791,512,320,1533,2810,2157,698,2816,2643,9190,3171,3561,1745,1259
2020-08-26,183,428,833,1955,605,315,964,423,4082,1396,1755,1005,1120,1140,281,296,1704,3221,1870,718,3237,2672,10465,1563,2463,1432,1035
2020-08-27,150,304,671,1733,686,331,1194,438,2832,1945,1247,883,1069,1064,451,377,1833,2331,2078,753,3969,2523,8318,1610,2768,1775,902
2020-08-28,193,340,761,1577,400,307,1022,419,3124,1757,1221,707,999,873,326,440,2890,2424,2054,831,3523,0,11756,1317,1604,1656,891
2020-08-29,139,146,1015,1372,291,302,1071,309,3813,1610,751,728,1005,883,288,241,2003,3677,4712,532,3100,3759,5213,1346,1351,822,871
2020-08-30,37,121,201,925,183,171,722,154,1272,363,317,130,943,349,142,137,1636,66,460,326,2485,345,1982,1270,547,375,499
2020-08-31,9,301,236,385,474,48,321,167,665,496,403,117,445,140,99,111,1303,1331,30913,910,1507,329,938,1246,1643,1009,415
2020-09-01,193,321,623,1429,615,189,935,454,2691,1380,1066,827,1748,454,243,193,1668,1986,2697,718,2224,3169,10033,1456,2954,1510,883
2020-09-02,187,286,874,1451,643,329,495,292,2881,2063,1787,779,1437,1063,441,210,2035,3662,2048,846,3267,1532,11956,1151,2948,1446,825
2020-09-03,108,264,727,1533,207,298,814,247,3440,1276,1249,798,1475,797,423,251,2256,3149,1682,934,2939,1939,11647,1254,2008,1128,930
2020-09-04,114,390,667,1322,734,331,1075,306,2398,10433,1335,743,1031,1031,434,201,1915,2607,2392,941,3026,2218,7038,1297,4834,1550,831
2020-09-05,159,228,539,1573,513,310,1062,359,2040,-7926,792,605,731,876,404,248,1868,6268,1765,472,3865,258,8069,1405,2107,656,922
2020-09-06,35,88,85,774,201,162,438,255,1048,193,206,143,191,380,108,109,1426,429,667,333,2926,71,2637,1012,258,183,163
2020-09-07,26,93,94,621,171,116,393,69,738,73,260,33,268,276,9,106,779,38,449,288,1208,234,1608,1189,113,387,634
2020-09-08,25,136,318,301,322,49,317,80,851,132,853,154,170,282,69,125,1404,550,920,785,651,321,1453,933,1562,1278,238
2020-09-09,174,252,736,1248,637,203,461,226,2274,1045,1076,867,989,938,256,150,1076,3074,2585,692,1852,500,7793,969,3350,1411,982
2020-09-10,209,278,701,1253,424,350,1213,238,2239,1137,729,768,1040,1006,384,265,2000,3816,1194,868,4018,940,8178,923,4252,1433,701
2020-09-11,127,136,763,1367,418,247,758,110,2182,1119,1026,523,1024,717,359,259,2335,2083,1525,675,3616,5640,8055,918,3877,1601,2258
2020-09-12,144,124,516,1227,324,246,740,588,2156,1197,482,688,770,860,167,120,2245,2789,1363,541,4041,323,7881,1097,1785,742,367
2020-09-13,18,64,193,721,122,130,327,202,852,374,107,255,259,311,255,68,1258,639,681,194,2073,1715,1567,1191,544,242,406
2020-09-14,10,102,275,430,262,67,313,102,718,350,415,202,181,142,60,213,649,1004,895,703,1734,319,1092,1084,2338,1164,331
2020-09-15,111,162,743,1512,514,303,690,263,2213,1273,804,740,1016,675,287,157,1000,3033,1601,665,1609,1608,7922,826,4628,1409,889
2020-09-16,176,149,701,1182,359,316,546,388,2237,1334,968,679,699,746,286,139,1510,3433,1441,792,2989,1764,8157,1076,2683,1404,666
2020-09-17,253,106,650,958,539,234,412,52,1970,1032,729,777,757,712,389,218,2469,3408,1252,763,3406,661,7393,1021,4054,1257,831
2020-09-18,226,229,858,762,337,294,815,263,2364,1164,1081,607,910,772,333,104,2123,2968,1232,801,3184,2955,7711,1075,4125,1481,1023
2020-09-19,119,137,1214,985,202,396,669,652,2191,998,753,622,807,618,308,108,1557,3391,1084,448,2824,1463,7141,1177,1930,614,649
2020-09-20,18,125,184,314,166,214,256,558,1093,218,324,148,475,309,221,101,1409,637,370,571,2044,648,3627,653,959,365,382
2020-09-21,27,83,163,256,404,28,121,212,693,302,291,143,260,247,33,200,606,572,712,807,1141,137,2032,806,1544,1434,185
2020-09-22,140,189,767,864,514,212,729,288,1809,1102,965,616,711,738,242,120,2184,2136,1360,769,2039,1710,8090,794,2160,1362,926
2020-09-23,151,229,726,1382,525,377,514,551,1610,878,777,553,677,675,302,160,1245,1951,1208,739,3081,1129,6551,703,4638,1297,652
2020-09-24,159,152,876,1281,175,297,567,194,1833,1008,496,519,538,771,298,250,1585,1781,1148,722,2587,3100,6267,893,3261,1244,815
2020-09-25,154,141,916,1240,251,258,640,184,1810,39,737,567,565,598,272,124,1424,1898,1057,937,4578,1503,6681,950,2439,1178,770
2020-09-26,149,88,964,1284,191,207,522,187,2128,1421,557,597,672,780,169,190,2079,2004,986,445,2871,182,5967,713,1744,643,638
2020-09-27,15,50,247,930,285,230,194,170,850,367,275,52,76,361,127,166,1132,397,493,482,2269,2190,1349,905,183,265,258
2020-09-28,11,140,292,312,178,57,155,99,593,127,421,204,80,193,138,89,839,262,482,604,1518,146,905,992,2970,1115,233
2020-09-29,145,119,1256,1107,287,217,614,156,1623,435,669,667,1229,494,248,108,1316,2475,1195,840,2154,1693,6377,812,3953,1231,638
2020-09-30,192,200,1362,1274,238,264,524,330,2274,1662,719,613,846,859,420,160,1600,2319,1217,854,2878,1084,6109,928,2704,1040,743
2020-10-01,187,131,914,1294,350,232,603,625,1524,525,631,542,701,763,282,195,1907,6614,1146,860,3438,1452,6097,882,2775,954,533
2020-10-02,146,144,959,1060,212,332,402,246,1354,647,593,464,865,649,391,144,1398,3241,1098,675,3475,4160,5608,915,2582,1082,589
2020-10-03,107,73,938,999,103,285,390,178,1307,338,430,408,612,610,447,223,1512,2160,911,719,3445,1180,6096,741,1170,280,648
2020-10-04,10,26,245,231,47,70,21,170,729,204,170,32,68,236,169,193,761,132,585,552,1672,126,473,630,125,532,247
2020-10-05,15,73,191,96,160,0,59,37,565,233,365,177,37,259,67,185,330,778,826,650,1267,1637,677,554,1637,801,270
2020-10-06,118,113,998,755,231,82,109,148,2142,12823,530,674,763,673,254,145,1353,1878,1398,904,1658,2077,6260,820,3441,1006,553
2020-10-07,13,149,921,1064,167,185,382,143,1834,835,712,751,922,684,855,167,1570,2331,1210,740,2908,2024,5916,582,3040,967,481
2020-10-08,16,122,875,882,142,244,378,112,1817,1101,589,434,597,588,450,265,470,1917,1451,740,2009,2705,5649,823,1797,1056,521
2020-10-09,183,130,866,648,156,252,357,115,1412,614,608,536,678,575,102,288,1404,2150,1534,769,3049,1936,5786,615,1371,766,544
2020-10-10,14,88,805,447,333,309,344,137,1754,1285,357,428,584,828,175,256,1532,2009,977,343,3050,1327,6626,762,1189,315,475
2020-10-11,19,83,419,13,125,197,88,36,993,390,216,164,146,317,264,395,1008,376,599,491,1796,268,2844,466,353,168,108
2020-10-12,13,38,8,20,36,22,59,54,677,68,125,56,78,232,182,79,1831,426,795,822,1031,183,684,377,180,189,164
2020-10-13,209,169,399,38,153,42,74,74,693,420,280,140,77,313,72,259,718,386,395,874,659,195,685,818,1113,728,237
2020-10-14,29,152,654,839,267,147,355,128,2460,642,484,718,742,648,552,193,913,1962,1507,833,1346,1152,6031,828,2260,908,485
2020-10-15,105,145,848,684,219,505,360,110,1575,1283,500,665,825,868,657,306,1011,1903,1502,517,2430,1077,6553,728,2019,688,440
2020-10-16,192,182,418,704,211,373,351,86,1536,576,406,576,654,827,2308,192,1325,1728,1521,1114,3031,3158,5627,790,1642,840,546
2020-10-17,95,78,1402,743,84,293,236,87,1799,1102,327,384,403,682,189,194,803,2129,1832,825,2565,129,5394,728,709,386,464
2020-10-18,25,41,411,276,0,162,23,128,654,857,164,19,106,362,422,445,780,324,394,497,1685,1309,968,653,0,165,112
2020-10-19,47,72,261,20,306,45,130,35,881,481,494,114,101,194,1277,476,1140,1004,1065,999,965,535,437,752,2633,552,367
2020-10-20,100,119,938,867,119,233,341,116,1762,706,475,496,664,514,156,261,1213,1674,1557,819,1459,1208,4923,556,718,780,453
2020-10-21,60,212,1669,989,199,217,249,102,1221,27,463,369,624,672,622,525,1173,1769,1052,1084,2395,1319,4299,815,1428,847,417
2020-10-22,103,228,765,1111,275,229,252,101,1450,1958,461,317,359,766,45,313,1276,1299,2211,581,2657,1081,3678,590,1650,752,350
2020-10-23,93,146,966,1049,235,364,336,147,1861,891,517,494,719,705,130,268,1155,2182,2072,1251,2029,1776,6702,565,2139,824,410
2020-10-24,96,106,779,1327,309,344,216,130,1488,227,302,433,724,778,202,239,1341,3132,1862,505,1818,2026,5614,526,1453,523,479
2020-10-25,87,53,349,783,111,249,66,53,691,872,175,123,157,274,176,148,727,0,1108,646,1798,557,2725,608,525,130,302
2020-10-26,13,65,344,636,139,89,45,77,1244,313,184,135,99,175,29,69,702,1597,1391,885,708,3366,863,776,1001,618,163
2020-10-27,63,235,1050,1211,287,231,271,130,1772,429,546,519,878,586,159,102,1290,2723,2422,958,1521,2158,5364,629,3039,740,474
2020-10-28,165,96,865,1101,234,287,337,113,1990,1098,332,544,807,679,604,83,1360,2298,2652,861,2278,1768,5375,668,933,606,495
2020-10-29,93,352,1013,956,230,264,269,67,1566,674,156,252,579,657,279,123,960,2708,1937,999,1915,1345,5278,698,1641,685,410
2020-10-30,120,155,838,1097,145,269,319,107,1423,774,558,499,662,565,129,66,869,0,1868,676,2121,1479,4928,622,1149,289,555
2020-10-31,38,145,249,530,170,282,144,118,457,633,113,419,491,526,97,89,752,4174,2584,1030,1624,481,2339,483,324,309,346
2020-11-01,155,325,291,161,223,123,56,31,886,156,90,71,84,255,136,36,728,906,1117,284,1020,1037,1020,211,299,125,274
2020-11-02,3,153,165,149,64,81,23,98,533,274,69,66,62,228,179,129,240,955,1486,688,839,294,648,180,415,214,266
2020-11-03,8,179,421,220,96,136,32,98,407,218,223,93,117,168,66,86,784,627,2280,967,326,1781,749,566,639,418,138
2020-11-04,256,0,839,935,246,165,311,126,770,838,363,579,486,588,319,132,1032,3208,2814,1120,1184,0,4755,453,1441,599,417
2020-11-05,30,0,671,985,335,515,184,128,3377,648,332,339,580,496,203,101,909,1556,2007,1045,2201,754,2637,300,1142,642,177
2020-11-06,78,0,0,770,197,380,415,137,2006,933,390,540,1051,799,129,243,1641,2957,2151,1077,1762,966,0,471,1124,668,543
2020-11-07,249,0,1324,759,213,381,149,196,1427,698,261,488,649,701,154,173,1592,2403,2857,318,2306,539,0,424,607,385,561
2020-11-08,132,178,270,272,271,124,66,115,583,207,97,192,411,216,197,151,800,710,969,1209,1347,822,0,539,319,147,210
2020-11-09,81,320,305,202,179,6,55,130,840,451,267,87,207,407,21,100,1623,758,1034,585,1035,405,0,472,569,582,196
2020-11-10,138,244,802,939,198,78,235,91,1955,714,394,425,693,583,281,97,1039,2920,4886,1516,1491,2378,0,509,1442,583,381
2020-11-11,187,216,715,878,302,313,211,101,1728,667,364,608,860,617,92,69,1754,3174,2711,1060,2169,1645,24936,423,1443,605,483
2020-11-12,402,266,0,869,258,360,222,126,1590,2482,371,837,787,590,155,161,2199,3590,1730,1275,1886,1785,5780,686,1612,2750,438
2020-11-13,146,361,1110,1073,350,210,260,162,2119,320,273,468,830,517,169,89,0,3071,4805,1309,2737,623,6130,533,253,499,653
2020-11-14,330,421,569,403,383,260,184,152,1349,1417,180,522,843,484,124,87,10491,3108,4015,589,2036,3639,4640,700,625,235,521
2020-11-15,165,141,168,254,201,119,105,116,1282,1093,89,82,307,232,245,65,793,1188,2144,1177,1572,311,1218,280,226,228,333
2020-11-16,139,177,219,111,286,44,92,46,712,1261,115,622,356,94,7,101,1676,1165,1454,1139,591,499,737,411,655,486,176
2020-11-17,180,226,906,446,184,211,195,173,653,680,231,608,674,200,501,127,2332,3479,5178,1857,1954,2554,8698,628,959,606,854
2020-11-18,250,270,703,810,367,211,254,136,2071,880,385,579,826,447,227,88,3054,3853,4210,1220,2324,2387,6421,495,640,294,689
2020-11-19,251,233,957,780,358,244,260,172,2849,1192,320,627,908,515,149,251,2684,2719,4605,1028,2586,2118,6794,756,1401,586,575
2020-11-20,270,200,740,875,352,308,280,122,1870,611,312,633,688,579,335,235,2045,3298,6109,1731,2773,2401,9058,554,1236,246,536
2020-11-21,189,151,488,752,335,191,262,114,1781,1034,174,650,946,511,913,242,3589,3683,5888,583,2424,362,5087,542,572,242,917
2020-11-22,191,312,131,446,284,94,94,81,958,658,77,192,472,226,824,159,1211,923,2818,623,1399,926,4153,280,214,84,785
2020-11-23,223,374,303,265,267,177,98,129,1418,1046,162,131,428,185,166,229,1740,843,1753,1288,1081,485,1037,859,491,526,503
2020-11-24,204,421,799,507,574,124,282,139,1465,0,355,310,781,449,206,323,3580,3096,4115,1701,1522,2145,5219,496,789,721,777
2020-11-25,135,355,719,920,281,275,324,207,3123,2410,408,717,1147,698,1090,300,3820,4569,4933,1645,4006,3162,8900,860,1234,755,905
2020-11-26,116,345,916,824,318,189,232,145,1472,2079,372,763,553,418,703,561,4420,2312,5998,1890,3338,2029,4523,824,1149,584,541
2020-11-27,452,257,928,533,0,154,267,332,1919,1160,344,363,669,661,3880,338,3726,2476,3420,1785,2851,1324,4320,884,0,559,528
2020-11-28,164,535,658,813,977,59,549,221,4204,978,208,369,2084,520,725,508,3201,7813,9523,156,3265,5412,4507,494,1866,229,1884
2020-11-29,160,121,191,498,290,418,203,246,2915,659,13,102,449,1046,1110,491,1522,1842,3047,2355,2251,556,2379,627,120,99,758
2020-11-30,179,175,209,180,483,88,163,125,1652,678,104,41,565,293,641,150,2377,1280,5347,942,1088,1038,1180,444,484,534,698
2020-12-01,304,292,1065,680,264,250,340,168,3118,787,380,541,1853,672,537,238,5239,4367,8201,1927,3320,3628,8937,976,965,770,1090
2020-12-02,183,427,698,897,520,327,323,236,3228,388,333,734,1348,746,1021,534,3223,4854,6076,2026,4500,3415,9114,783,2167,811,951
2020-12-03,153,541,879,1001,411,275,356,255,3268,1366,437,746,1431,664,174,798,5423,5724,4956,1431,4635,3788,8208,521,1289,570,1134
2020-12-04,253,360,789,627,331,143,344,255,4049,700,480,729,1094,729,243,75,3442,5032,6174,1662,4291,2456,8237,1355,1154,683,1197
2020-12-05,125,302,706,792,344,368,305,402,2310,575,220,709,1518,714,483,61,2860,4766,3851,1773,5223,2626,8938,595,965,384,1294
2020-12-06,44,124,331,504,501,220,111,332,4080,0,66,673,765,445,374,2597,1239,2234,2586,1523,3011,808,2675,355,66,203,496
2020-12-07,107,216,207,502,483,110,133,152,1580,271,135,604,746,470,598,723,2710,1534,3503,1668,871,301,1116,645,355,608,23
2020-12-08,128,214,955,670,567,69,404,189,3330,4454,368,586,1236,641,278,319,4591,4114,6312,2411,2614,3377,7923,1104,1484,761,1989
2020-12-09,116,318,438,799,446,134,333,275,3752,2900,369,737,1133,623,1010,853,5069,4861,5628,2409,4080,3331,9784,842,961,938,1314
2020-12-10,230,296,821,1046,514,377,356,314,4876,1371,488,761,1588,618,1368,644,3981,4435,5121,1551,4484,3560,9786,792,1995,738,1236
2020-12-11,248,543,843,792,334,379,326,386,3883,1006,402,889,1945,534,1131,572,5059,5163,4292,2332,6173,3298,8791,831,1875,851,1550
2020-12-12,213,278,342,742,157,247,309,229,2920,229,158,594,1363,559,506,910,4379,3557,5051,1408,5008,3489,8601,689,0,421,1541
2020-12-13,49,271,554,672,444,186,113,435,1196,1239,50,93,258,288,1070,679,2483,3891,1306,312,3478,694,940,462,0,240,422
2020-12-14,216,288,451,442,264,47,164,316,2465,481,211,268,362,175,383,602,2376,2303,4649,820,980,768,2313,1036,1457,673,683
2020-12-15,84,0,651,953,791,61,182,310,4114,287,417,817,734,347,556,618,7537,3358,3497,3590,4222,1457,4412,737,1509,998,650
2020-12-16,226,702,988,1052,488,59,449,773,4866,3704,463,1388,2071,530,1240,777,20197,6453,7077,3826,4472,4036,0,531,1181,1044,1981
2020-12-17,228,246,894,1120,466,403,405,296,4920,1182,353,1274,1646,654,276,558,6389,6112,5538,2488,5672,3493,20303,899,1716,904,1391
2020-12-18,175,0,1156,935,547,207,386,312,3057,927,343,1053,1765,604,556,104,4494,5721,5160,1971,5565,3601,9922,913,1130,864,1076
2020-12-19,528,560,706,858,412,175,324,359,3920,367,251,660,1746,580,727,1232,3574,5061,4013,2246,5253,1180,12447,622,594,466,1316
2020-12-20,127,106,302,498,225,70,183,307,1657,1080,11,327,418,337,1280,913,1660,2157,3909,1496,3485,3160,0,409,8,254,1066
2020-12-21,253,207,351,486,536,102,217,158,1517,255,93,203,709,208,800,471,2282,2039,2488,1539,1827,755,3943,1000,942,912,726
2020-12-22,65,290,1217,919,1252,155,375,302,2688,1054,337,972,1946,434,771,592,6102,6206,4671,2277,4201,3794,10714,629,871,1026,1342
2020-12-23,85,226,862,930,739,223,306,433,3090,808,219,928,1915,582,1465,655,3293,98,3796,1825,6519,2975,10383,525,1115,1049,1652
2020-12-24,239,194,999,883,525,198,363,391,2598,1082,152,610,1457,545,907,1223,9793,10433,3001,1648,5969,4199,9351,552,797,565,1402
2020-12-25,85,89,401,429,282,88,240,258,1211,0,80,231,1109,215,1053,825,1586,2102,1481,926,4030,603,3596,329,176,251,1291
2020-12-26,13,72,201,18,206,42,161,298,1349,692,57,727,387,317,274,445,1223,2147,1561,1421,2113,929,1253,650,204,196,290
2020-12-27,164,431,429,531,188,27,149,426,1624,33,84,308,603,251,564,777,1572,823,1705,655,1217,994,2836,615,73,303,1097
2020-12-28,110,425,318,495,892,31,121,197,748,755,93,578,442,253,31,1058,2835,638,2182,2241,1110,605,1576,1193,652,746,223
2020-12-29,222,256,1447,1086,687,68,384,371,3206,2067,344,423,1778,509,948,803,4036,6217,3806,2784,4995,4585,12477,721,1861,1271,1366
2020-12-30,123,297,1369,805,681,146,253,380,2847,1775,185,1010,2512,693,1157,931,3896,5754,3134,2726,6391,2114,11849,678,1227,1135,1581
2020-12-31,265,499,1443,828,694,180,311,319,2862,2629,189,1058,1882,721,1179,770,3939,5462,3514,1449,6865,6275,10219,566,666,659,1330
2021-01-01,69,160,561,262,270,21,178,273,1284,901,21,578,827,507,270,1039,1757,2238,1864,1028,3975,742,3894,376,244,277,989
2021-01-02,252,80,293,5,434,148,56,270,602,582,17,553,332,31,338,372,1292,1008,2077,967,2418,214,1762,797,82,234,611
2021-01-03,105,127,546,203,473,17,111,353,722,189,41,429,215,279,388,769,1700,1837,821,1416,1370,135,3469,481,147,442,556
2021-01-04,71,207,559,214,291,72,157,318,815,212,76,135,305,162,107,951,1726,569,1565,1472,1432,3606,2248,955,635,813,333
2021-01-05,53,321,1928,1215,657,82,370,378,3077,981,162,366,1491,549,838,1143,4748,5283,3875,2382,4588,4262,12881,603,1581,1514,1320
2021-01-06,208,373,2192,1313,957,151,366,471,3038,2133,199,1101,1604,657,812,1039,3084,4728,4112,410,9515,4482,14534,962,1882,1525,1582
2021-01-07,100,405,1706,1222,784,146,404,398,2980,1187,187,965,1511,527,603,1227,32436,4801,4432,2892,5450,4669,14073,807,1027,1593,1311
2021-01-08,336,470,0,1071,748,135,445,349,2777,1665,104,936,1250,613,1152,1217,0,4779,3880,2037,7812,1517,13794,673,1731,1358,1186
2021-01-09,94,332,4198,1409,681,179,471,481,2497,946,170,714,1190,782,1192,960,8330,3584,3596,1277,8399,5591,11561,798,827,915,1116
2021-01-10,219,226,965,1047,564,92,183,433,1649,926,30,515,1146,259,495,1372,1640,1979,1772,1370,4443,1061,5619,658,298,0,831
2021-01-11,219,385,2151,624,930,53,162,278,915,311,105,523,719,471,245,1242,1670,1582,1901,1830,2696,634,3010,986,691,1034,455
2021-01-12,86,402,1958,1387,1280,103,634,499,2105,111,264,219,1482,523,815,440,11400,3695,3546,2010,7826,3589,12702,1000,2769,2183,997
2021-01-13,353,360,1474,1500,939,198,486,401,3094,3179,260,681,1803,835,212,666,494,5223,3365,1765,8319,4287,15275,659,2237,1739,1095
2021-01-14,283,373,3816,1017,1215,260,564,392,4113,1161,265,1028,1412,819,1340,1262,5811,4605,3949,1825,8694,4211,13710,766,1898,1863,1106
2021-01-15,88,402,3151,1491,1380,129,558,460,5471,1776,317,770,1702,688,957,1145,4851,5207,3698,2044,9120,3396,15016,706,2113,1396,1166
2021-01-16,465,389,2856,1416,841,277,555,396,5832,989,178,838,1450,672,1702,366,3531,4229,3306,1513,7831,4067,13774,828,907,1043,1316
2021-01-17,146,204,1277,590,883,196,332,475,3401,1048,89,783,482,351,801,680,1563,1864,1403,1034,6812,947,5720,471,161,560,767
2021-01-18,8,209,1790,290,1275,117,199,281,2548,591,158,225,322,222,228,459,1113,1173,1644,1669,2482,373,2933,1047,750,1119,446
2021-01-19,433,419,1537,1247,1041,167,607,373,4004,2138,383,238,1635,592,395,651,4858,4285,3133,1786,5865,4375,15953,612,2306,1979,1082
2021-01-20,221,265,5009,1569,1096,219,594,379,4991,868,336,1272,1770,786,1321,781,3767,3945,3057,1108,7429,4015,14411,620,1980,1545,1031
2021-01-21,300,225,2202,1487,1310,132,462,378,4455,1419,467,1111,1985,774,880,737,3127,4025,2731,1843,8831,3306,12118,834,1444,1472,1064
2021-01-22,258,339,3975,2057,1422,157,535,351,4130,1745,298,1309,1714,626,836,812,3578,3054,2838,1939,9593,669,9005,1054,1784,1585,889
2021-01-23,252,180,3404,1700,933,387,503,457,4566,824,331,1134,1652,708,871,502,3127,3815,2626,992,8873,5389,14596,956,1612,982,962
2021-01-24,190,195,1152,901,968,186,195,507,2854,1378,85,819,537,257,893,492,1821,863,1201,800,4171,1017,5072,821,122,339,487
2021-01-25,110,151,1222,768,996,149,138,667,1423,1616,140,1181,589,361,357,826,1870,905,2407,1455,2697,234,2867,1148,1373,914,252
2021-01-26,235,241,3525,1349,1239,194,581,547,3349,1673,299,1126,2124,426,610,348,6829,3994,2781,1172,5707,4160,12959,1056,2839,1553,1047
2021-01-27,345,299,3146,2396,1669,265,505,563,3970,1625,370,1213,2068,726,816,553,3272,3802,2949,1228,8392,3517,16041,1052,508,1648,582
2021-01-28,342,371,1852,2272,970,317,410,433,3645,1016,390,1044,1494,594,456,829,4491,3411,2564,1113,8318,3678,14776,1174,3568,1492,791
2021-01-29,475,377,2116,1719,1225,416,547,394,4173,964,465,1125,1748,306,799,895,3116,3342,3428,1660,6000,4077,13887,1087,2933,1802,750
2021-01-30,411,196,4420,1519,757,255,442,514,4078,1055,270,1065,1954,809,1220,519,3862,3209,2512,761,8001,3862,13067,884,1032,1046,742
2021-01-31,120,157,1400,506,706,206,109,481,2148,3117,73,1104,621,439,551,618,1903,574,1199,1056,4518,237,4344,538,220,413,398
2021-02-01,353,363,1323,180,949,149,131,452,1128,1439,161,1014,445,267,121,770,2652,780,1735,1097,1779,2031,2354,797,779,992,350
2021-02-02,229,325,2460,1677,1154,103,442,521,3536,168,549,867,1977,451,547,424,4319,3255,2802,1359,4707,3278,14297,409,1713,1678,849
2021-02-03,498,260,2685,1889,947,338,425,347,3370,3167,526,1054,1627,511,412,612,2466,3036,3185,1068,5947,3249,12990,656,2264,1690,783
2021-02-04,397,224,2689,1652,1030,255,401,370,3295,7,361,963,1650,696,802,388,3287,2772,2891,1466,10052,2852,13932,430,1990,1332,689
2021-02-05,178,210,2238,1749,1159,328,334,570,3357,2512,246,0,1487,388,0,394,2846,3415,3021,1548,5441,2757,12222,624,1781,1445,622
2021-02-06,332,223,2965,1594,851,204,452,427,3270,911,273,1978,1451,812,1054,267,3447,3166,2723,1210,4649,2690,11923,573,1530,828,827
2021-02-07,92,153,985,623,419,220,190,239,1884,976,174,664,864,257,1261,351,1561,510,1575,1007,7050,162,4248,403,150,415,412
2021-02-08,148,191,919,603,995,108,145,451,1809,1934,239,611,741,232,490,841,1444,493,1205,700,2104,2101,2442,544,537,1062,350
2021-02-09,575,284,1442,1777,946,223,447,458,3584,1577,522,971,1736,450,459,609,3929,3707,2785,1146,3972,1009,13201,525,2537,1578,1037
2021-02-10,410,230,2744,1432,870,284,393,422,3450,0,514,1140,1531,410,957,828,2450,5596,3096,1578,6466,5985,13825,578,2387,1180,846
2021-02-11,493,331,2205,1881,714,309,421,466,3253,3349,591,1130,1643,665,945,499,3461,3333,3350,1528,6504,2033,11167,545,1937,1167,822
2021-02-12,376,356,2445,1783,838,337,497,508,3636,1400,559,1137,1380,696,568,437,2591,3173,3361,1501,5554,2768,11605,512,1478,1350,700
2021-02-13,372,183,1828,1354,249,228,479,626,3587,0,517,830,1805,461,0,656,3158,3506,2755,856,5352,2158,9837,595,1152,937,818
2021-02-14,107,154,632,463,819,259,189,670,2584,2793,154,641,891,538,399,536,1144,1322,1865,610,3184,795,2187,537,587,303,396
2021-02-15,428,135,925,485,781,71,77,749,1796,2845,213,995,803,241,8341,648,1406,969,2277,476,1446,706,2316,738,981,954,395
2021-02-16,135,277,1808,1223,749,166,320,632,3849,947,391,818,1582,491,211,417,8000,1897,3757,411,3049,8385,11496,561,1331,1457,911
2021-02-17,302,271,1808,667,1117,371,272,650,3733,11113,580,1014,1927,513,272,464,4060,1922,3529,854,5159,587,11302,583,1421,1701,574
2021-02-18,238,259,2141,1134,955,326,565,626,4017,0,420,1331,2226,522,378,279,3040,4125,4659,1026,5547,2415,10747,645,1896,1529,833
2021-02-19,432,219,1950,1564,1007,428,499,389,4140,-2532,745,1191,1358,779,1272,429,3632,4197,4482,1783,4989,2256,11105,864,1569,1432,871
2021-02-20,181,185,1664,1551,497,622,622,502,4100,1674,634,1349,1132,783,749,333,3858,4212,4577,1163,9604,2250,10859,748,1392,1224,1007
2021-02-21,43,141,753,541,513,162,323,349,1851,2257,85,1004,944,279,850,427,2982,1717,2539,1100,3274,573,4504,843,229,312,431
2021-02-22,183,363,1161,617,863,212,236,309,2146,1044,268,941,689,257,81,346,2099,2029,2856,1239,2062,859,2550,951,1138,1058,429
2021-02-23,622,228,2147,1850,1099,279,684,545,5025,2052,437,980,1724,633,527,255,6275,5777,6177,1241,5386,409,12077,582,2776,1743,1185
2021-02-24,290,262,1608,1694,1243,375,609,399,4398,2614,655,1320,1566,677,956,450,4467,7194,4878,1482,5696,3908,12086,1361,3458,1850,1092
2021-02-25,376,194,1420,1340,999,451,684,472,4917,2408,854,1594,1202,636,1280,560,5646,5446,4754,1385,9043,1935,11889,1068,2901,1650,894
2021-02-26,474,217,1572,1859,951,358,769,666,4563,3162,279,1186,1723,857,1535,405,4543,7188,6050,1203,6728,424,11596,1129,3379,1439,914
2021-02-27,606,226,1688,1428,622,495,771,483,6520,1548,798,1416,1455,765,294,491,5248,6977,5112,1067,5654,2622,11142,704,1710,832,928
2021-02-28,197,158,367,727,773,273,330,680,3133,2590,74,1392,616,401,1551,878,3688,1928,1792,1080,3821,880,4361,1079,241,475,542
2021-03-01,360,222,702,768,741,77,543,499,2020,1776,325,1144,629,317,534,592,3204,2748,4974,1163,4400,751,3071,2142,522,1065,453
2021-03-02,187,292,1576,1202,1675,91,874,456,3397,3036,821,910,1330,538,742,364,6174,6006,5814,1057,3975,1825,10168,563,3994,1734,1124
2021-03-03,425,306,704,1697,1375,395,697,519,5329,2741,579,1118,1613,1004,1248,619,4699,7831,7209,1153,6565,2180,13749,1520,3423,1994,1012
2021-03-04,378,325,924,1570,1548,485,874,576,5985,4092,852,1385,1685,799,870,496,5400,9940,5674,1685,7890,1894,12236,1266,3397,1881,995
2021-03-05,616,257,2355,1347,1360,355,816,623,5607,3226,597,864,1588,958,1654,549,5670,9127,5853,1477,7334,2251,13072,1500,3909,1759,771
2021-03-06,569,158,1383,1261,827,293,516,530,4525,2196,720,1440,1664,1232,235,144,8598,9599,5633,1320,7336,560,13763,1692,1147,1078,1190
2021-03-07,219,355,493,553,704,101,698,617,3105,2750,288,1218,300,765,105,1209,45020,2671,1741,712,6368,1697,6051,874,815,537,542
2021-03-08,368,301,461,602,1341,23,381,541,1413,2126,333,1012,373,284,2248,725,2026,2559,1576,1275,1999,762,4224,2288,1049,1379,652
2021-03-09,65,467,1610,1288,1141,0,905,652,4650,3058,547,1200,1319,887,1172,382,5400,11806,2986,1344,3830,2172,16058,1008,3947,1982,888
2021-03-10,400,328,1349,2120,1721,53,1004,580,5499,3056,965,1365,1582,1085,1424,597,8345,10403,-110,1521,10409,2436,15541,1551,3550,1865,1237
2021-03-11,273,421,1240,2145,1613,987,1194,726,4975,3519,838,1483,1669,1090,1455,252,4330,6847,5501,1831,7745,2094,14505,1858,3640,2247,934
2021-03-12,315,384,1247,1728,1227,333,1111,864,5124,5518,984,1365,1566,1409,1242,195,5664,10017,6653,1405,9912,2505,15720,1565,4725,1781,1104
2021-03-13,623,313,1162,1288,701,330,1185,716,4482,5631,848,1694,1631,1133,301,716,6229,9281,4460,1512,7421,2281,15344,1660,2588,1449,1199
2021-03-14,288,255,596,660,692,195,670,697,2916,3116,407,1256,1104,652,185,549,3852,3107,2401,944,7490,268,7853,1699,779,464,717
2021-03-15,320,316,541,832,1493,89,739,1048,1163,1793,416,1025,921,257,52,1057,2143,1978,2341,1576,3215,1086,5259,2056,2647,1340,536
2021-03-16,438,755,1299,1832,1960,166,962,1154,4608,5040,669,804,2482,796,1028,516,5823,9331,7547,2502,6093,1081,17684,1429,3958,2757,1212
2021-03-17,343,704,824,2424,1624,360,1165,794,4749,3025,1579,1194,2245,1063,1009,1468,5461,9619,5764,2109,11045,4093,17942,1321,4125,2807,1447
2021-03-18,513,775,962,2914,1203,301,1281,1074,4584,5699,799,1403,2139,1155,0,810,6469,7206,5440,2318,11372,2950,17492,1890,2709,2270,1254
2021-03-19,644,480,1957,2801,1381,349,1285,977,4448,4805,834,1269,2211,1270,690,877,8146,9186,4947,2083,10975,2354,18673,1507,2392,2807,1222
2021-03-20,397,438,1025,2627,948,322,941,1007,4518,4072,1056,1300,2107,1460,201,1062,4758,8518,4189,2396,9890,944,18028,1739,2240,1778,1108
2021-03-21,171,495,367,922,1140,200,654,1063,1698,2753,379,818,1016,941,617,1326,2146,2515,3103,1519,9593,2763,8265,1080,563,624,1043
2021-03-22,513,452,767,605,1020,95,631,423,1598,12619,492,930,677,625,1301,701,3224,1789,3353,2250,2739,1469,4775,1854,1528,2200,663
2021-03-23,331,649,1275,2694,1445,217,1126,540,4061,151,1011,1140,2172,948,1633,1119,7344,8491,6757,2263,3897,3201,20942,1397,4023,2401,1265
2021-03-24,454,578,1183,2830,1526,291,842,574,4830,0,1186,1154,2738,1651,1587,800,5562,7540,4302,2192,13796,2892,20395,1195,5257,3021,1616
2021-03-25,548,596,1165,2697,1170,301,1002,701,4237,5386,1210,1672,2786,1149,1051,922,11330,6133,7486,2525,13925,2980,18447,1805,4511,3167,1256
2021-03-26,485,682,1091,2874,1497,249,1108,669,4738,0,1035,1611,2227,1505,2273,955,4700,1103,4165,1708,14062,3179,21489,2141,4660,2512,1527
2021-03-27,798,433,1112,2439,999,273,1078,724,3185,5617,639,1410,2157,1621,19,848,5037,12122,3494,2494,11558,2769,18124,1636,2470,1385,1507
2021-03-28,167,249,474,759,798,136,634,734,2956,2255,237,1203,771,1232,8,440,3150,2233,1535,1575,7036,1986,9602,1236,901,739,1280
2021-03-29,163,550,510,620,885,48,254,386,1068,5242,193,968,390,713,1907,1185,2828,1377,2685,1710,3112,787,5220,1592,1206,2191,1137
2021-03-30,198,711,1490,2244,883,0,924,656,3924,2864,1431,1150,2233,1228,1599,807,3282,7063,4922,3478,8206,3500,21360,1353,4573,2965,1450
2021-03-31,554,632,1313,2537,1860,361,957,624,4235,5767,824,1553,2431,1547,976,907,3059,6310,3931,2771,12020,3121,23169,1253,3248,2949,1729
2021-04-01,331,502,1165,2849,1066,328,938,709,4797,2926,1319,1311,2987,1626,815,982,5234,4840,3858,2224,11943,4039,26567,1318,2337,2227,1859
2021-04-02,863,280,830,1594,1013,256,580,620,3347,2527,620,1227,1779,1206,918,775,4569,7780,3084,1814,11722,1290,16762,1191,1034,1055,1502
2021-04-03,211,280,746,476,648,167,579,991,1986,4881,223,789,985,1137,1076,904,2043,1253,1242,1602,5948,3935,7026,1814,878,797,898
2021-04-04,95,294,448,553,323,74,250,429,1855,3374,191,1081,635,900,574,1040,1037,883,1427,822,2909,1301,7196,1088,911,632,1037
2021-04-05,173,339,664,696,675,21,329,283,2073,0,241,1059,709,969,104,977,1436,788,1344,2040,2604,797,4647,1388,1420,2038,831
2021-04-06,90,471,953,2513,1314,211,900,808,3581,7422,770,817,2179,1504,1031,512,4253,7666,4068,2543,10450,1670,22794,904,3615,2456,1484
2021-04-07,460,584,1098,2676,1321,183,823,739,3712,5093,900,1551,2965,1313,958,693,4490,6860,3908,2616,13358,5118,21521,1139,4018,3040,1488
2021-04-08,523,380,960,2756,1508,271,1132,753,3451,8094,442,1171,2884,1480,1652,829,4805,3813,3584,2418,9203,5182,21004,1610,3292,2160,1295
2021-04-09,494,276,1172,2750,1132,266,725,689,4283,7312,640,1272,1992,1212,1860,702,3911,6886,3390,2603,16479,3820,20701,1742,3261,2513,1234
2021-04-10,378,247,737,2706,738,314,521,614,3213,4689,732,1480,2354,981,1111,1098,3610,4409,1378,1852,12109,3574,17311,1203,1876,1396,1201
2021-04-11,150,183,535,713,616,166,313,1228,3433,1459,954,394,787,1320,1097,1001,1872,996,236,1489,5180,1053,8156,1361,560,773,992
2021-04-12,188,269,489,446,889,67,282,149,1581,5216,1435,1486,738,713,368,846,700,533,4687,1153,2841,703,5310,1002,1036,1888,770
2021-04-13,394,309,995,2699,1319,250,922,714,4104,6224,808,1272,2531,970,770,1059,6617,6427,3326,1627,7313,4401,18397,899,3969,2548,1322
2021-04-14,526,304,820,2241,868,413,941,802,3547,0,782,1218,2359,1281,820,965,2358,6430,2906,2096,11286,4039,18790,1356,2850,2177,1338
2021-04-15,131,271,893,2673,1148,390,1033,789,3831,0,390,1368,1868,1634,1043,673,3891,5578,3305,2376,9806,4249,18067,965,3387,2316,1099
2021-04-16,383,305,773,2392,1452,357,666,597,3413,12331,1341,1124,1869,1539,592,1003,5695,5036,3678,2421,9207,4717,17979,1108,2580,2154,1062
2021-04-17,287,166,701,2021,428,315,775,1057,3889,6173,1092,1377,1966,1006,840,914,3125,4868,2377,162,8963,1659,17746,1194,1954,1504,1077
2021-04-18,71,114,484,595,754,178,267,1247,2574,6743,717,893,1346,828,802,661,1239,1386,1175,2890,4315,3927,6394,1062,734,656,928
2021-04-19,194,258,442,320,725,38,300,331,1430,282,1371,904,1020,1286,755,1303,2701,738,1973,1571,1872,916,4083,1261,2007,1844,699
2021-04-20,41,246,734,2787,882,167,875,362,4283,734,1282,1072,2843,1381,221,1005,3803,6252,3284,1909,4850,4159,19060,955,3196,1906,1092
2021-04-21,239,113,671,2649,941,313,638,871,3625,8155,918,1108,2480,1661,820,729,3947,6168,2683,1658,11905,4101,17123,884,3078,1129,1112
2021-04-22,333,227,536,1333,563,296,366,475,2160,6263,736,1042,1202,1097,486,1041,2584,869,1708,1810,4452,3578,7267,878,1486,1641,749
2021-04-23,164,149,829,2345,699,203,809,518,3652,3031,1045,1134,2031,1179,850,879,3555,6873,3057,1715,5309,4646,17812,1033,2552,2030,1006
2021-04-24,227,128,544,1988,595,258,503,873,3319,7114,299,1015,2089,1173,1078,802,3983,5713,3375,1100,11360,2831,16271,844,1387,1283,985
2021-04-25,144,71,371,549,279,196,214,473,3241,2502,211,1002,1734,802,1143,706,1534,533,1120,982,3856,1016,6488,938,913,659,895
2021-04-26,224,210,426,133,522,85,234,291,1811,4287,386,942,1278,479,1146,863,2246,1007,1668,1186,1869,262,3912,1087,196,1239,647
2021-04-27,175,253,715,1092,935,176,726,746,4076,5778,1127,1037,2596,914,557,1181,3320,6065,3445,1929,4996,4348,17992,918,4127,1878,1038
2021-04-28,152,193,634,2826,648,251,716,674,3345,3538,1252,1228,2720,1249,1035,1281,3883,6637,2937,1779,12874,4558,17013,1221,3932,2062,1088
2021-04-29,237,169,696,2630,729,248,810,799,3997,3079,1240,1012,2511,1163,1085,1100,4474,4228,3299,2081,8847,4080,14920,929,2374,1742,910
2021-04-30,268,621,592,2035,738,333,574,541,3568,0,1045,1110,1917,1412,1107,655,4674,8074,3484,1934,7398,4771,15551,1127,2213,1642,949
2021-05-01,213,217,530,1427,379,260,733,814,4272,9624,638,1048,2178,448,1270,1257,4188,4838,2642,1273,7465,2841,14335,969,979,1278,848
2021-05-02,136,203,412,553,139,156,236,693,2008,251,87,955,730,1468,1036,1098,2002,605,1120,936,3600,1993,5323,887,867,516,925
2021-05-03,173,266,410,479,510,39,287,246,2791,868,381,786,960,598,328,1075,1363,394,1670,1108,1616,1165,3149,829,1531,1190,407
2021-05-04,115,253,675,1726,748,195,766,531,3108,12307,981,1129,2333,1038,551,872,5514,5685,3079,1607,6727,5118,15464,763,3243,1827,1004
2021-05-05,170,253,599,1999,365,246,583,889,3931,2722,1142,999,2143,1188,1034,1245,5188,5980,3322,1639,9264,7484,14230,799,3114,1687,1080
2021-05-06,279,244,545,2386,947,328,820,599,3471,4260,1127,1190,3074,1711,883,1031,5008,3263,3426,1531,8725,9185,13470,1001,2113,1612,1151
2021-05-07,211,187,630,1834,1327,373,700,854,4579,3998,1257,1127,2763,1366,1275,1075,6062,7331,3503,1784,7685,8261,14502,820,2767,1500,1115
2021-05-08,176,210,495,1660,371,239,619,625,3436,4982,694,1082,2923,1103,1311,887,5515,4143,2551,1148,6895,5844,13100,912,383,1124,1002
2021-05-09,75,210,211,1052,120,191,238,1190,2156,10322,86,900,893,882,849,713,2079,687,974,657,4500,1581,5785,925,362,274,999
2021-05-10,125,102,320,288,522,29,245,306,1438,0,355,816,1828,506,340,836,4804,401,1725,1193,1231,670,3183,832,1120,1332,653
2021-05-11,34,195,695,1647,790,203,656,566,4244,5558,1141,932,2777,920,3601,1193,3183,5190,2999,1831,6872,5316,16318,766,2030,1765,1293
2021-05-12,208,193,595,2358,732,300,615,684,4309,4625,1263,1417,2426,1540,2689,702,5045,5106,3181,2038,9764,4960,15672,892,2049,1943,1386
2021-05-13,237,167,666,2778,737,280,853,774,4140,3476,1104,1127,3195,1082,2127,899,5032,3881,3213,1843,8951,6007,15649,939,2617,1656,1162
2021-05-14,222,265,579,2582,294,304,617,536,4029,4245,971,1365,2975,1102,7243,1169,9338,4525,3262,1871,9404,6931,15915,688,2690,1073,1341
2021-05-15,161,161,507,2596,450,309,584,734,4043,2008,458,1091,2894,1062,1805,717,6181,4241,2391,1210,7566,5216,15486,883,1921,940,1394
2021-05-16,61,190,210,1584,218,232,250,691,2554,5835,131,1079,1686,796,1233,955,5083,641,1167,741,4141,828,7554,894,195,701,1291
2021-05-17,162,202,312,668,484,84,313,676,1917,2884,359,758,701,324,527,1100,2366,450,1461,1519,2125,1932,4001,1049,1437,1202,903
2021-05-18,29,207,663,2231,805,170,534,545,3890,4047,979,885,3029,1505,851,1004,6527,5714,3703,1975,7133,5509,15779,592,3252,2365,1522
2021-05-19,98,146,586,1942,618,446,585,507,5111,3214,1186,830,3440,1753,1173,1012,7029,5883,3499,999,10399,4827,16788,990,2330,1932,1896
2021-05-20,109,152,620,1890,850,304,835,963,5182,3322,1055,892,3188,1215,1378,923,7716,5352,3205,2581,9330,4731,17936,874,3590,2084,1762
2021-05-21,438,129,599,1571,581,394,829,391,4801,2732,1109,1156,3969,1224,1298,924,7210,4840,3678,1832,9140,4487,16511,898,2467,1705,1942
2021-05-22,113,123,515,1464,351,399,1127,586,4461,8385,728,1415,3589,1127,1362,1323,5376,4949,2751,1300,10086,2122,16736,730,2144,1274,1954
2021-05-23,65,374,337,174,273,222,368,896,2875,3239,159,1249,2089,838,283,1468,1180,922,1353,864,4526,857,7510,735,645,656,1662
2021-05-24,92,251,358,278,758,83,318,140,1380,5335,374,1364,1368,700,2847,1293,1718,787,1555,1340,2443,3962,4622,899,760,1298,1175
2021-05-25,146,199,535,1200,739,187,987,488,4942,2677,1163,2015,3533,817,1484,1109,5316,5488,3662,1747,6347,4053,17477,839,2069,2419,1815
2021-05-26,199,226,600,1895,592,293,735,793,5455,4412,1107,2262,2794,1371,1027,1111,5857,5068,3499,1972,11040,3785,16671,789,3048,2164,1721
2021-05-27,130,201,654,1656,225,230,616,606,4099,4417,1029,1887,2527,984,1635,1866,5681,3301,2380,1968,9590,2964,12782,1205,1255,1865,1714
2021-05-28,169,244,363,1385,695,118,1036,369,4060,3186,1045,1917,736,644,1212,1619,5125,187,4793,1917,9582,522,1583,993,3392,2019,857
2021-05-29,58,239,831,1415,627,292,663,870,6643,6426,651,2429,5576,1496,1454,1677,5397,7925,1578,1032,8916,3183,13653,1015,1022,1604,2998
2021-05-30,271,174,246,284,204,201,322,300,0,3561,214,1178,2168,1039,654,1588,2403,1517,1227,591,5574,4916,11037,811,484,607,1949
2021-05-31,46,185,344,53,377,83,510,522,2034,1289,415,1016,1087,598,691,1385,1310,1260,1740,1327,2230,1498,6113,902,998,802,1619
2021-06-01,57,121,620,1388,1080,330,900,535,4280,3399,1074,1751,3437,891,1259,1371,5235,5551,4355,1927,7283,3939,19466,836,3319,2570,1952
2021-06-02,172,166,671,1932,898,346,853,745,4887,4474,1241,2403,3551,907,1202,1124,4299,7468,2831,1961,15133,5258,23122,801,4821,2159,2176
2021-06-03,184,245,585,1792,460,322,815,600,4620,6132,904,2660,3649,1317,1274,897,5102,5945,2904,1227,10605,4187,19733,487,2551,1724,2470
2021-06-04,186,128,456,328,882,84,605,1036,2531,3274,543,2421,644,675,724,851,3471,1079,1885,813,5958,1520,3898,1120,763,1293,768
2021-06-05,117,96,450,1009,371,444,669,621,3936,2828,571,1992,4468,1497,1370,1561,4041,4410,3114,862,5893,3093,16939,912,1453,1148,2152
2021-06-06,66,121,350,376,168,198,366,1177,3070,1831,180,1982,1666,649,970,1365,2664,1594,1264,438,5019,1190,9959,1028,367,263,1316
2021-06-07,44,140,286,163,188,143,420,680,2400,1605,406,1422,1249,492,145,1259,3318,7586,1652,1060,2049,386,5074,877,893,1569,1650
2021-06-08,59,156,550,2073,0,52,311,775,3427,1684,1130,1412,1876,416,628,972,5587,2731,1599,2017,9444,3431,8022,744,463,2246,1106
2021-06-09,64,173,677,2531,1770,20,1315,785,6733,1876,1330,1345,6487,243,1145,836,5118,9782,6277,1831,12716,6092,4192,714,6382,2280,3034
2021-06-10,192,81,795,2042,755,72,1044,870,4947,5024,1461,3911,2645,1541,1020,1349,4700,5341,3840,1127,11043,4072,23033,631,3258,2273,1025
2021-06-11,374,184,716,1710,1041,1378,918,653,4146,0,1072,2451,3715,1576,1227,922,5745,5635,4043,1687,10758,4372,22875,822,2654,2223,2252
2021-06-12,65,95,604,1538,609,453,870,969,5565,3361,806,2111,2877,1103,2140,1130,4578,5370,2786,881,10653,2326,21221,1254,2581,988,1766
2021-06-13,70,112,314,448,324,222,423,734,2005,4057,221,2034,1156,610,1294,1309,2331,719,1296,750,4542,592,9272,1150,420,405,1138
2021-06-14,163,563,383,128,955,76,447,900,1805,6968,309,2575,1117,254,1504,902,2201,690,1969,1344,1862,3520,5309,810,606,1571,915
2021-06-15,67,402,726,1568,940,226,884,712,5347,3163,1356,2358,3622,608,2249,662,4467,0,4386,1289,9719,4341,23227,570,3992,2341,1387
2021-06-16,46,184,503,1529,989,486,658,1083,5885,4856,1461,2328,2647,961,379,806,6619,12497,3278,1759,10452,4701,22582,889,3913,2087,1789
2021-06-17,37,136,620,1900,581,346,749,649,5253,2235,1242,2457,3114,1055,460,635,7666,4614,2991,1207,8924,5022,15054,800,2518,1908,1869
2021-06-18,200,127,684,1479,962,390,926,852,4998,3186,1346,2555,3118,756,2626,1263,10807,9850,3401,1575,10449,2113,27706,771,3096,1881,1715
2021-06-19,125,164,499,1285,277,350,696,941,4737,2841,862,2639,2512,1010,475,816,11497,5487,3229,820,8675,6367,20483,1014,2376,871,1240
2021-06-20,37,91,225,175,340,206,359,1208,4567,1373,119,2178,964,503,165,472,10462,680,1475,693,5161,344,9582,905,268,378,1248
2021-06-21,69,164,393,67,931,52,277,730,2160,1007,587,2114,805,373,1056,1018,13666,846,941,811,1587,883,4854,795,788,1323,606
2021-06-22,19,205,720,1889,674,22,855,855,5046,2252,1196,2186,2339,691,571,659,13666,5864,4368,1459,7379,4178,23097,690,3803,1933,1206
2021-06-23,106,172,511,1896,181,57,710,457,4224,2819,1341,2377,2358,1052,36374,580,9669,4587,2914,1461,10341,4422,19508,602,3229,1569,1711
2021-06-24,85,225,645,1368,810,1039,622,858,3535,651,1292,2391,1391,638,1622,629,9999,5235,3363,1406,8435,3530,17951,665,2314,1713,1190
2021-06-25,145,103,661,1262,594,288,691,400,2088,3424,1453,2693,716,933,3772,1071,8231,5620,3259,1179,8043,3954,20994,856,3140,1577,2130
2021-06-26,110,143,471,861,266,328,595,859,3016,2610,1064,2002,1410,672,852,608,5692,4380,2858,850,8523,1681,18932,786,2313,670,1582
2021-06-27,80,89,248,177,206,284,235,779,1719,1753,238,2098,847,530,1288,475,4696,715,1619,559,4004,483,7965,920,420,345,932
2021-06-28,33,148,414,82,543,124,199,983,1281,775,437,1115,599,190,588,317,5000,425,1635,695,2071,2498,4285,666,912,1258,531
2021-06-29,30,135,552,1530,44,14,558,709,2903,4275,1066,1783,2181,492,489,350,5000,4067,3088,1163,6337,3566,19208,618,2225,1420,1100
2021-06-30,30,197,342,1797,202,275,370,516,1683,512,839,1733,975,281,2871,398,5789,1228,1591,1108,8686,775,7762,825,947,1374,730
2021-07-01,180,149,665,1744,566,510,514,513,3438,1794,948,462,1997,608,3187,701,7985,3712,2914,972,7106,2296,15943,690,3518,1375,676
2021-07-02,61,178,575,1150,312,284,653,745,3618,2173,1212,1536,2399,885,796,585,3415,5472,2978,894,7579,2671,19467,620,2617,1374,916
2021-07-03,74,120,492,806,1011,350,419,645,3211,0,571,1571,2605,855,572,480,4279,5412,2645,686,5386,2533,16650,721,1206,593,663
2021-07-04,26,155,224,30,51,222,233,1121,1906,2751,210,1248,1405,271,410,647,2223,624,1088,628,3289,415,6451,1013,271,209,662
2021-07-05,86,137,302,27,2477,69,195,281,1210,572,445,441,660,245,485,348,2374,427,1313,777,1796,774,4231,609,931,1174,317
2021-07-06,14,139,719,1014,-47,190,593,771,3235,1408,1220,475,2147,439,1633,317,3561,4748,3091,1285,7294,3380,19132,594,2749,1725,678
2021-07-07,123,191,543,1153,-850,347,427,642,2852,1886,991,1519,1759,778,726,517,3397,3786,2338,1187,7367,2351,14889,697,2018,1536,852
2021-07-08,176,230,701,1225,335,378,504,538,3088,882,972,1154,1525,447,664,489,3996,3808,2988,1081,6428,2229,14453,577,2649,1378,830
2021-07-09,104,146,718,976,377,231,647,628,4479,2346,996,1151,2190,889,911,633,3852,3873,2612,1172,5631,2922,14712,667,2651,1387,836
2021-07-10,54,164,492,736,201,396,394,526,3810,1435,674,1300,1961,577,763,275,4363,4121,2669,791,6801,3318,7684,599,2526,831,1043
2021-07-11,13,131,267,146,35,174,183,337,2281,567,97,710,923,392,556,299,1199,534,965,384,3019,751,5218,478,244,420,614
2021-07-12,14,150,250,20,217,135,256,202,1297,396,312,373,383,142,110,275,2320,492,1033,911,1097,770,3122,720,420,1285,329
2021-07-13,11,104,578,387,547,64,370,263,2513,981,1018,58,2290,187,276,120,3057,4217,2477,757,6208,1945,10546,419,3428,1794,407
2021-07-14,52,130,552,1075,581,346,419,659,2230,1331,1078,1304,2145,729,524,370,3526,5010,2773,877,7770,1679,16237,663,2931,1588,1157
2021-07-15,51,115,616,1149,220,0,538,170,1660,1761,912,1310,1184,736,386,509,3535,2728,2389,1052,7883,6386,12196,453,2578,1521,751
2021-07-16,49,113,584,791,624,732,369,306,2555,1233,841,943,1250,598,731,395,2523,2087,2152,1127,5866,2647,11475,753,2441,1596,810
2021-07-17,20,176,515,640,123,389,482,536,2915,929,698,975,1333,448,293,147,3416,4292,1925,956,6152,3653,0,517,1110,922,777
2021-07-18,16,183,230,84,70,259,232,399,2131,595,127,849,638,224,0,216,1217,408,711,352,2707,987,19878,498,227,324,564
2021-07-19,49,140,273,45,100,57,187,166,1190,185,317,240,339,120,422,177,2239,216,764,836,1068,590,3144,474,327,1267,339
2021-07-20,14,114,509,957,451,50,317,246,654,359,352,358,354,106,322,527,2645,772,1688,1004,5148,1174,4798,480,2064,1868,261
2021-07-21,14,121,651,476,286,354,442,476,3088,0,427,563,1814,580,602,382,3020,3071,2648,956,5751,3428,18435,577,3790,1679,886
2021-07-22,87,129,601,593,160,366,609,234,2377,1457,451,1279,1256,537,815,299,2439,4221,1963,951,6136,3525,13093,517,3573,1257,832
2021-07-23,11,131,412,561,270,302,524,248,1941,2419,434,898,1120,373,319,457,2313,64036,2380,624,7161,3403,12086,868,3227,1558,656
2021-07-24,81,112,295,524,190,164,368,531,1641,565,424,607,700,451,1973,169,2316,7299,1704,721,4911,1718,5896,759,2723,702,547
2021-07-25,16,70,260,104,130,264,215,479,1125,0,33,611,945,74,163,202,1119,1400,765,501,2989,839,3994,712,313,311,495
2021-07-26,35,87,231,15,313,52,269,63,774,987,400,213,409,149,18,282,5174,767,1026,558,1199,332,2471,636,1166,1102,271
2021-07-27,12,78,445,656,696,150,403,328,1337,1016,575,187,831,260,222,119,2181,2549,2350,653,5192,3806,11877,582,2663,1662,581
2021-07-28,54,81,489,649,197,293,523,360,1417,986,1012,797,995,562,893,180,3405,3162,2051,811,6071,3778,11636,636,4324,1591,1060
2021-07-29,20,114,568,751,263,311,451,180,2025,651,949,1019,1038,429,264,234,2457,3111,1887,423,5668,1441,11313,676,4114,1427,499
2021-07-30,55,80,529,647,256,256,401,337,1301,732,635,992,956,473,177,161,2292,1593,1590,800,5794,5076,10103,738,2825,1522,583
2021-07-31,13,62,337,388,76,177,402,313,1396,829,339,463,942,354,287,238,2357,4441,1425,384,6309,2823,9390,762,1750,666,659
2021-08-01,6,66,176,45,154,116,171,109,627,256,37,495,643,159,111,333,2246,972,655,285,6762,481,3873,699,266,260,500
2021-08-02,39,58,231,19,144,38,358,62,638,82,204,132,524,98,25,137,2111,699,890,385,2261,1157,1939,705,896,1031,280
2021-08-03,2,42,390,468,365,93,323,215,553,752,642,37,772,257,194,249,3079,1847,1508,519,168,3450,9942,324,3830,1664,631
2021-08-04,44,106,587,758,284,158,372,411,1906,0,714,872,738,336,222,116,3252,1601,1710,691,5292,4289,10490,633,3230,1373,531
2021-08-05,59,52,343,656,221,180,459,468,1595,1187,626,570,644,334,224,236,2188,3161,1483,919,4921,3319,10099,665,3644,1295,506
2021-08-06,88,76,455,607,280,160,445,184,1267,926,603,423,690,470,249,140,6732,3036,1817,514,5270,1959,10557,992,2446,1204,569
2021-08-07,10,48,400,547,244,155,272,250,1675,636,314,406,723,244,241,76,2522,1717,1521,341,4488,12417,8973,583,3178,635,417
2021-08-08,0,43,156,74,22,107,159,103,484,286,19,321,323,131,103,69,1254,608,544,236,2189,1680,3726,321,341,194,400
2021-08-09,33,16,294,50,273,31,117,21,386,0,202,121,100,56,0,158,987,422,747,408,1003,1202,1798,594,1309,1054,703
2021-08-10,1,99,430,390,258,87,411,137,1456,731,603,194,571,162,172,442,1532,1883,2038,691,4133,1979,10455,447,3736,1404,443
2021-08-11,45,44,350,480,0,185,216,208,1040,421,589,579,825,402,312,286,2117,1815,1801,859,4654,4037,8701,662,0,1444,371
2021-08-12,8,66,378,399,290,166,367,160,1362,613,701,422,712,313,165,149,2276,1563,1811,515,4525,4713,9244,661,6816,1250,337
2021-08-13,9,27,354,474,183,185,348,81,1118,251,437,449,658,243,221,131,2552,1356,1525,1049,3517,4363,8898,600,3055,1336,513
2021-08-14,2,51,178,433,160,31,289,266,1082,670,194,442,1294,281,342,37,2756,1585,1339,506,3728,3861,8024,1043,1511,468,569
2021-08-15,2,22,119,16,28,211,143,319,551,230,78,374,290,160,39,44,1608,583,644,533,2128,99,3906,498,753,266,313
2021-08-16,3,28,177,49,14,32,146,214,320,133,262,104,200,65,71,9,1598,410,906,466,1113,2418,2048,768,1741,939,237
2021-08-17,110,18,269,462,462,124,407,117,923,607,684,251,584,275,110,17,4509,1341,2030,673,3315,4925,8607,479,4470,1408,436
2021-08-18,5,68,273,559,212,160,302,173,953,435,645,630,898,243,630,63,7338,1792,1495,954,4250,4977,8317,582,4023,1267,470
2021-08-19,31,51,245,545,193,149,300,143,978,594,484,560,533,223,135,55,3533,1696,1679,1015,4237,4770,8001,503,4063,1224,375
2021-08-20,33,38,178,554,162,265,324,142,715,0,475,431,550,270,205,36,3436,2357,2167,1124,3829,4370,7111,762,2816,1012,525
2021-08-21,7,16,173,545,86,193,288,143,1006,548,203,450,477,258,523,32,4027,1458,1582,517,3288,1910,6844,843,1909,572,490
2021-08-22,2,8,190,36,66,129,167,198,366,357,117,299,179,142,99,110,1696,529,571,202,1917,2209,3190,412,559,238,416
2021-08-23,2,27,88,45,135,15,265,117,350,139,176,120,114,100,12,7,1685,305,843,591,845,1370,1942,1131,1381,952,346
2021-08-24,42,18,162,450,166,120,234,154,844,85,483,264,504,189,153,33,1919,1426,1960,858,2895,4409,8349,482,3275,1101,297
2021-08-25,5,27,216,671,164,26,338,374,662,525,449,96,660,227,183,56,1901,1269,1626,885,3925,4135,6698,739,3340,1096,378
2021-08-26,32,25,177,538,166,273,354,301,1086,284,764,907,527,264,181,66,2339,1223,2000,758,3825,3543,6836,546,2657,962,390
2021-08-27,37,25,131,426,99,67,329,232,1018,0,394,353,486,257,108,18,2293,1183,1563,895,2990,2450,7635,853,2188,1030,285
2021-08-28,4,17,126,450,160,201,317,229,790,862,184,384,435,195,157,16,1972,1230,1398,568,3248,2281,6403,571,2225,0,276
2021-08-29,1,10,63,95,23,73,133,167,387,336,41,278,231,121,89,27,1240,403,521,469,1992,622,3042,680,824,1063,279
2021-08-30,1,10,109,5,177,14,136,44,341,169,151,158,351,72,1,32,1091,652,734,720,597,333,1808,996,771,929,64
2021-08-31,19,7,151,495,175,67,250,72,624,0,473,152,508,194,91,13,1139,843,1504,833,2509,2599,7360,531,2616,1092,272
2021-09-01,8,12,147,566,239,174,243,126,805,482,473,407,1057,259,144,15,1270,792,1297,778,2892,2110,6454,1185,4085,1020,305
2021-09-02,4,18,134,341,136,102,307,97,830,464,357,441,571,201,117,32,3281,729,1237,661,3037,2105,6120,1021,2777,900,260
2021-09-03,20,24,175,382,142,122,281,111,814,255,340,630,541,196,101,26,2965,800,1261,681,2421,1978,6714,1054,2345,857,329
2021-09-04,20,12,96,220,44,79,202,315,528,412,377,573,361,165,52,16,1314,678,1043,864,2582,2293,6471,689,1513,627,258
2021-09-05,0,15,84,85,10,136,96,181,210,385,237,356,238,88,105,22,1288,484,467,476,3326,941,2016,663,522,301,183
2021-09-06,2,32,79,12,52,12,110,173,195,171,258,93,443,68,131,12,1107,472,825,562,590,334,1534,1060,358,371,98
2021-09-07,22,7,67,112,70,0,136,63,324,242,292,276,240,141,53,11,1179,1594,1335,604,-659,2098,3156,646,1164,262,210
2021-09-08,1,11,62,19,20,12,82,41,170,0,110,243,495,135,22,11,1103,459,680,670,5622,403,2080,803,702,357,117
2021-09-09,3,8,214,405,0,0,-56,82,590,374,409,187,264,67,116,11,1548,296,1642,963,2519,17736,951,525,973,1006,58
2021-09-10,4,26,88,359,91,24,78,40,439,75,362,16,941,57,151,14,1477,2741,297,760,3111,250,671,578,2539,762,0
2021-09-11,0,3,79,79,173,5,449,116,0,266,124,16,177,101,240,18,1856,1160,201,809,3121,674,778,589,2859,366,55
2021-09-12,4,7,60,83,22,2350,128,63,640,47,9,10,579,104,79,10,1821,252,217,605,1395,159,678,734,207,88,264
2021-09-13,3,1,59,8,107,23,87,27,160,0,58,33,90,11,16,16,1532,274,176,710,800,0,337,805,576,581,155
2021-09-14,0,6,76,422,78,0,259,78,444,18,277,26,615,33,57,17,1598,1223,421,940,1629,554,881,876,2016,690,172
2021-09-15,2,7,80,335,109,-1017,223,63,471,761,348,16,289,59,115,61,1659,606,257,847,5074,384,986,638,1469,701,237
2021-09-16,8,11,63,362,167,2,210,103,458,110,206,78,430,103,133,44,1738,567,414,447,2559,997,22678,630,1263,593,33
2021-09-17,1,16,63,284,114,26,252,26,637,130,253,32,336,109,219,28,1858,778,364,1176,2005,0,0,738,1020,600,137
2021-09-18,5,21,53,51,25,220,170,142,270,209,141,3144,354,34,171,16,2081,5514,314,664,2406,105700,25034,794,1862,645,66
2021-09-19,2,5,34,88,13,9,106,42,293,0,5,168,122,102,655,21,1939,386,214,277,1275,1732,307,1091,316,256,0
2021-09-20,0,8,30,39,106,2,66,10,130,209,61,39,151,20,11,32,1647,311,300,553,715,625,471,1096,307,608,337
2021-09-21,0,27,48,462,81,3,178,29,0,-12028,312,25,305,73,63,21,1966,287,321,772,1534,0,1831,639,1902,570,6
2021-09-22,0,22,53,453,147,8,342,82,1057,48,296,297,782,42,170,15,1899,1185,15081,979,2411,4631,1826,816,2959,636,236
2021-09-23,2,9,50,288,34,6,259,58,555,4,332,203,394,94,85,16,2043,890,1131,912,9574,2062,1932,977,2220,469,12
2021-09-24,3,24,55,376,81,22,186,46,596,134,348,225,1023,113,76,24,2194,763,1124,1184,2304,2099,2198,1004,2570,507,159
2021-09-25,1,10,56,334,197,31,180,56,345,0,182,165,516,104,77,31,2078,730,1220,887,2736,875,1760,787,2000,274,56
2021-09-26,0,9,32,72,10,20,104,30,232,0,17,134,205,138,111,19,1970,417,372,559,1431,1220,383,655,433,95,0
2021-09-27,1,3,21,82,2,1,121,25,150,5565,87,38,191,41,5,22,1832,289,301,827,443,418,400,1413,1346,463,336
2021-09-28,1,22,49,453,198,3,211,41,539,73,293,31,312,18,71,14,1763,875,1229,1082,1548,2048,1791,721,1011,877,121
2021-09-29,-17,11,47,452,152,8,299,77,570,89,254,234,623,166,121,30,1767,1504,1190,871,3225,862,1460,601,2258,870,32
2021-09-30,1,22,41,297,48,13,195,93,555,10647,354,216,549,52,119,24,1807,1033,1121,956,2414,2277,1550,950,1662,427,104
2021-10-01,1,22,51,256,0,8,238,39,571,293,326,163,469,76,97,30,1792,1916,960,963,2856,2745,1616,937,1541,445,167
2021-10-02,1,21,27,250,0,14,162,21,442,98,136,174,441,162,219,8,1745,1502,944,726,2539,1163,1313,593,399,179,187
2021-10-03,0,15,24,43,0,2,0,100,327,75,4,160,201,134,59,9,1591,474,362,682,1315,169,477,1264,1457,60,0
2021-10-04,4,3,25,5,0,0,118,88,230,2,62,37,94,56,6,17,1510,389,437,835,1668,1298,205,990,1470,502,374
2021-10-05,1,40,55,395,0,2,121,114,353,62,337,29,374,21,69,22,1757,1892,1266,1184,1256,2323,3765,3016,1460,551,63
2021-10-06,0,24,59,373,218,0,96,58,282,48,218,227,440,58,204,17,1609,1304,1008,891,2841,2000,1679,683,2875,501,180
2021-10-07,7,41,55,395,383,0,168,50,386,186,223,198,402,755,175,9,1577,1117,1034,1064,1101,116,1513,988,3062,548,38
2021-10-08,2,44,45,301,171,5,290,48,705,103,223,180,417,433,133,7,1606,1290,1140,814,1823,3465,1439,1052,1819,563,54
2021-10-09,4,28,65,224,48,16,167,99,375,0,140,158,457,244,172,6,1580,1230,860,776,2128,483,4724,771,1544,0,152
2021-10-10,0,22,37,48,15,10,0,52,205,262,18,141,179,160,93,7,1395,467,473,587,866,1219,518,886,979,0,0
2021-10-11,0,8,27,4,66,4,299,39,104,10,38,40,152,178,13,6,1292,236,296,528,941,650,399,978,247,0,363
2021-10-12,0,28,28,176,59,7,94,45,94,2,93,22,210,227,44,11,1326,1112,686,429,707,528,410,454,385,0,182
2021-10-13,24,10,34,126,180,0,63,83,190,40,97,45,171,176,92,2,1163,321,382,635,332,640,226,762,990,1000,68
2021-10-14,26,53,50,332,219,9,158,28,589,99,244,46,417,290,125,20,998,857,974,618,1860,1915,1930,525,1134,662,110
2021-10-15,7,31,45,478,141,11,178,92,641,160,153,211,414,252,298,15,1353,795,1089,605,2170,1474,1685,395,1795,559,192
2021-10-16,4,30,44,406,121,5,156,49,357,115,96,234,408,186,373,28,1132,766,1036,639,1327,756,1448,616,855,0,63
2021-10-17,2,14,17,31,13,0,0,97,243,160,1,146,289,118,104,3,396,549,487,556,1379,144,369,525,95,0,0
2021-10-18,3,7,24,20,146,11,130,58,378,38,67,42,50,134,19,25,1457,289,388,648,166,1374,158,461,470,630,253
2021-10-19,1,39,49,436,337,625,146,53,391,61,229,45,473,143,131,17,1480,798,1089,775,2713,-1033,1296,448,1651,430,146
2021-10-20,8,26,67,378,191,69,150,76,460,74,286,212,407,137,233,14,1488,558,1116,920,1833,1748,1748,496,2464,388,62
2021-10-21,3,25,64,346,251,37,171,47,672,0,264,168,469,324,169,9,1555,1187,1022,726,1915,2311,1625,421,2500,338,234
2021-10-22,1,31,45,374,105,59,242,27,498,393,282,216,468,290,240,17,1519,556,242,475,1728,1735,2229,403,1982,370,-25
2021-10-23,1,27,50,262,240,48,157,66,529,157,212,184,463,240,194,17,1458,841,1513,632,1298,1651,0,278,1159,0,39
2021-10-24,9,21,28,30,74,37,0,58,184,80,15,177,169,190,152,6,679,388,176,444,796,17,2103,315,56,0,0
2021-10-25,5,32,32,8,173,12,92,89,188,23,36,33,138,117,21,18,1592,520,306,612,222,95,209,231,184,581,228
2021-10-26,2,30,54,328,292,37,182,59,448,23,242,50,328,107,165,21,1580,630,1041,607,1451,843,1716,298,2367,472,51
2021-10-27,7,18,36,345,274,38,178,82,482,108,308,260,566,290,283,8,1578,2761,1026,745,1527,2290,1634,258,1595,368,119
2021-10-28,2,23,59,346,247,41,199,41,662,162,257,188,731,241,271,11,1441,1636,964,608,1483,1589,1290,245,2265,220,46
2021-10-29,1,27,45,194,184,38,118,65,652,0,154,202,460,228,235,1,1488,1226,776,536,908,1323,987,195,1480,292,150
2021-10-30,0,33,51,173,124,15,189,29,627,129,45,204,652,191,282,7,1339,1786,809,651,1341,412,684,82,788,0,50
2021-10-31,0,18,20,14,210,13,0,54,232,238,35,145,260,203,394,6,1298,585,368,252,399,913,550,121,433,0,0
2021-11-01,0,10,18,7,90,5,65,190,143,11,22,55,119,117,9,6,1191,304,319,286,269,63,175,198,128,0,38
2021-11-02,0,37,39,188,120,23,85,38,197,44,31,38,176,159,161,7,1111,877,662,345,417,347,738,77,468,0,46
2021-11-03,3,21,22,93,196,4,43,16,92,19,130,8425,179,118,72,9,1031,474,372,375,368,364,766,188,726,544,11
2021-11-04,0,42,73,361,318,39,177,46,616,14,237,262,310,255,235,11,1060,1427,864,819,1542,1094,1648,98,1259,438,107
2021-11-05,7,54,99,506,406,54,235,31,607,272,157,103,463,320,451,14,1111,1532,810,425,1842,1291,1471,142,491,282,145
2021-11-06,6,18,70,432,110,63,170,63,599,154,95,683,668,266,0,5,1076,1237,902,568,1306,1230,1307,0,777,0,61
2021-11-07,2,27,46,49,121,40,0,35,305,72,9,309,191,124,614,7,1264,483,309,266,583,357,700,0,202,0,0
2021-11-08,0,15,113,22,129,1,124,137,245,37,79,85,67,106,28,17,1151,325,195,514,264,283,359,318,354,585,85
2021-11-09,5,43,77,308,440,14,147,23,513,0,268,54,315,165,424,12,814,1370,792,513,1052,1076,946,98,1022,382,75
2021-11-10,5,30,81,447,281,92,202,38,516,43,149,13,477,250,417,10,960,1214,726,489,966,1417,1558,139,1390,284,79
2021-11-11,11,43,60,416,310,36,161,30,485,3534,153,681,341,241,401,10,1017,1146,755,608,930,940,1847,146,681,255,62
2021-11-12,5,28,52,454,212,48,191,28,712,248,253,312,290,267,452,4,984,1226,751,383,1248,1126,0,130,4836,268,90
2021-11-13,10,35,77,297,148,47,121,55,540,139,116,386,422,243,467,7,879,980,625,389,1274,999,4363,0,2019,0,4
2021-11-14,5,27,57,86,162,18,0,24,333,75,72,217,171,108,171,7,429,408,299,280,545,106,469,0,60,0,0
2021-11-15,1,20,13,21,85,13,45,124,146,58,2,56,54,47,15,7,363,272,151,245,116,266,166,0,299,0,214
2021-11-16,3,39,26,79,216,2,60,9,282,0,52,56,50,96,62,12,317,302,176,460,196,388,333,254,950,386,112
2021-11-17,1,53,104,505,392,56,219,14,646,163,219,85,377,256,507,14,440,1052,687,494,733,1028,1970,173,1440,258,91
2021-11-18,6,36,97,438,395,77,223,46,655,38,229,424,212,180,304,10,428,1216,750,297,766,749,1935,120,2411,259,0
2021-11-19,7,31,69,553,271,57,210,33,719,329,165,281,303,274,474,9,704,900,700,678,1557,1063,2208,92,1467,201,0
2021-11-20,7,33,103,540,200,34,133,48,590,129,151,254,319,83,288,10,690,830,747,396,807,817,1154,0,281,0,189
2021-11-21,3,15,37,70,73,41,0,93,244,85,1,278,170,409,164,5,692,360,247,283,298,714,787,0,57,0,0
2021-11-22,2,20,42,164,138,1,70,84,172,12,75,52,123,96,23,-542,639,245,193,0,105,62,219,136,104,134,225
2021-11-23,0,51,81,664,459,45,199,18,1158,41,174,46,306,210,137,9,929,810,684,0,749,841,1524,106,448,456,167
2021-11-24,44,37,91,682,340,22,219,10,333,219,166,323,273,273,651,9,769,1165,636,1040,516,1111,1195,97,2374,240,95
2021-11-25,9,46,136,681,393,50,232,30,468,58,215,0,327,297,248,7,1081,1006,620,579,1038,1067,1210,85,2028,190,25
2021-11-26,8,62,140,630,259,22,179,15,744,0,258,543,405,308,380,5,745,579,587,606,857,964,1326,75,2407,227,61
2021-11-27,3,28,132,722,166,59,144,15,516,132,117,237,373,129,344,8,474,884,669,0,1253,821,935,0,1007,0,65
2021-11-28,6,22,35,151,142,12,0,23,414,9,2,200,106,181,134,8,299,369,190,826,328,96,457,0,33,0,0
2021-11-29,4,24,43,81,153,8,77,39,157,96,105,46,28,98,91,18,627,339,99,621,97,34,169,138,160,286,205
2021-11-30,0,60,123,634,288,29,163,19,898,105,269,65,230,170,295,12,405,1033,704,453,786,1126,1093,0,444,219,87
2021-12-01,7,51,129,696,0,11,233,23,590,1341,290,329,421,71,300,41,448,831,604,489,812,889,1086,148,1314,188,71
2021-12-02,3,70,119,695,1060,67,137,22,582,418,318,8,283,391,348,12,843,1034,532,509,1041,756,1387,83,1814,204,174
2021-12-03,2,70,158,745,448,70,196,30,553,79,273,457,336,268,460,14,805,1037,544,394,659,922,1034,85,718,177,93
2021-12-04,3,68,134,695,186,39,211,34,515,183,145,265,534,258,0,15,804,863,489,355,851,504,977,0,653,0,57
2021-12-05,0,42,35,135,52,19,0,39,212,76,94,273,242,82,346,8,775,370,141,306,164,467,824,0,142,0,0
2021-12-06,11,55,83,128,301,0,102,59,249,278,95,53,134,115,19,7,794,312,106,310,114,163,213,82,268,245,89
2021-12-07,2,91,188,779,480,46,59,43,574,335,259,23,359,183,226,7,838,769,594,351,678,531,1316,62,1151,237,69
2021-12-08,13,80,202,695,298,47,301,24,608,159,229,252,450,212,327,12,895,741,546,545,641,702,1287,52,703,0,34
